v 2.65 -3.725 1.2
v 2.65 -4.1 1.2
v 2.65 -3.725 1.0
newmtl 1
Ka 0.25098039215686274 0.25098039215686274 0.25098039215686274
Kd 0.25098039215686274 0.25098039215686274 0.25098039215686274
Ks 0.07450980392156863 0.07450980392156863 0.07450980392156863
d 0.0
endmtl
v 2.65 -4.1 1.0
v 2.65 -3.425 1.0
v 2.65 -3.075 1.0
v 2.65 -3.425 1.2
v 2.65 -3.075 1.2
v 2.65 -2.775 1.0
v 2.65 -2.425 1.0
v 2.65 -2.775 1.2
v 2.65 -2.425 1.2
v 2.65 -2.125 1.0
v 2.65 -1.775 1.0
v 2.65 -2.125 1.2
v 2.65 -1.775 1.2
v 2.65 -1.475 1.0
v 2.65 -1.125 1.0
v 2.65 -1.475 1.2
v 2.65 -1.125 1.2
v 2.65 -0.825 1.0
v 2.65 -0.475 1.0
v 2.65 -0.825 1.2
v 2.65 -0.475 1.2
v 2.65 -0.175 1.0
v 2.65 0.175 1.0
v 2.65 -0.175 1.2
v 2.65 0.175 1.2
v 2.65 0.475 1.0
v 2.65 0.825 1.0
v 2.65 0.475 1.2
v 2.65 0.825 1.2
v 2.65 1.125 1.0
v 2.65 1.475 1.0
v 2.65 1.125 1.2
v 2.65 1.475 1.2
v 2.65 1.775 1.0
v 2.65 2.125 1.0
v 2.65 1.775 1.2
v 2.65 2.125 1.2
v 2.65 2.425 1.0
v 2.65 2.775 1.0
v 2.65 2.425 1.2
v 2.65 2.775 1.2
v 2.65 3.075 1.0
v 2.65 3.425 1.0
v 2.65 3.075 1.2
v 2.65 3.425 1.2
v -2.65 -3.725 1.0
v -2.65 -4.1 1.0
v -2.65 -3.725 1.2
v -2.65 -4.1 1.2
v -2.65 -3.425 1.2
v -2.65 -3.075 1.2
v -2.65 -3.425 1.0
v -2.65 -3.075 1.0
v -2.65 -2.775 1.2
v -2.65 -2.425 1.2
v -2.65 -2.775 1.0
v -2.65 -2.425 1.0
v -2.65 -2.125 1.2
v -2.65 -1.775 1.2
v -2.65 -2.125 1.0
v -2.65 -1.775 1.0
v -2.65 -1.475 1.2
v -2.65 -1.125 1.2
v -2.65 -1.475 1.0
v -2.65 -1.125 1.0
v -2.65 -0.825 1.2
v -2.65 -0.475 1.2
v -2.65 -0.825 1.0
v -2.65 -0.475 1.0
v -2.65 -0.175 1.2
v -2.65 0.175 1.2
v -2.65 -0.175 1.0
v -2.65 0.175 1.0
v -2.65 0.475 1.2
v -2.65 0.825 1.2
v -2.65 0.475 1.0
v -2.65 0.825 1.0
v -2.65 1.125 1.2
v -2.65 1.475 1.2
v -2.65 1.125 1.0
v -2.65 1.475 1.0
v -2.65 1.775 1.2
v -2.65 2.125 1.2
v -2.65 1.775 1.0
v -2.65 2.125 1.0
v -2.65 2.425 1.2
v -2.65 2.775 1.2
v -2.65 2.425 1.0
v -2.65 2.775 1.0
v -2.65 3.075 1.2
v -2.65 3.425 1.2
v -2.65 3.075 1.0
v -2.65 3.425 1.0
v -0.077091 4.010496 0.1
v -0.042945 -0.122409 0.1
v -0.077091 -0.162958 0.1
v -0.042945 -0.160824 0.1
v 0.14486 -0.160824 0.1
v -0.034408 0.150762 0.1
v 0.097909 0.150762 0.1
v 0.097909 0.035518 0.1
v 0.213153 -0.142684 0.1
v 0.213153 -0.104269 0.1
v 0.14486 0.189176 0.1
v 0.097909 -0.002897 0.1
v 0.097909 -0.122409 0.1
v -0.025872 -0.002897 0.1
v -0.025872 0.035518 0.1
v 0.386512 -0.148943 0.1
v 0.503397 -0.160824 0.1
v 0.352589 -0.16062 0.1
v 0.330039 -0.162958 0.1
v 2.460496 -0.162958 0.1
v 0.682665 -0.160824 0.1
v 2.460496 4.010496 0.1
v 0.682665 0.189176 0.1
v 0.635714 0.189176 0.1
v -0.034408 0.189176 0.1
v 0.329581 0.151159 0.1
v 0.355778 0.141705 0.1
v 0.219425 -0.107744 0.1
v 0.380003 0.125499 0.1
v 0.401139 0.102165 0.1
v 0.426567 0.010441 0.1
v 0.423023 -0.027448 0.1
v 0.413515 -0.057553 0.1
v 0.335632 -0.123016 0.1
v 0.302987 -0.126678 0.1
v 0.361135 -0.113627 0.1
v 0.382615 -0.099149 0.1
v 0.399039 -0.081822 0.1
v 0.256528 -0.121521 0.1
v 0.415568 0.075142 0.1
v 0.424898 0.037673 0.1
v 0.402934 0.160103 0.1
v 0.434533 0.129714 0.1
v 0.455047 0.096991 0.1
v 0.414665 -0.130965 0.1
v 0.440955 -0.103288 0.1
v 0.503397 -0.122409 0.1
v 0.4596 -0.070008 0.1
v 0.635714 -0.122409 0.1
v 0.470134 -0.032961 0.1
v 0.473519 0.007574 0.1
v 0.468484 0.057333 0.1
v 0.36969 0.179239 0.1
v 0.330671 0.190575 0.1
v 0.295517 0.193444 0.1
v 0.253618 0.190553 0.1
v 0.213153 0.179572 0.1
v 0.213153 0.132621 0.1
v 0.252577 0.149503 0.1
v 0.295117 0.15503 0.1
v 0.309456 -0.165092 0.1
v 2.460496 -4.010496 0.1
v 0.299886 -0.164928 0.1
v -0.077091 -4.010496 0.1
v 0.285827 -0.162958 0.1
v -2.460496 -4.010496 0.1
v -2.460496 -0.162958 0.1
v 0.250461 -0.158002 0.1
v -0.418555 -0.160824 0.1
v -0.375468 -0.064897 0.1
v -0.355396 -0.096202 0.1
v -0.683189 -0.160824 0.1
v -0.734408 -0.160824 0.1
v -0.597823 0.189176 0.1
v -2.460496 4.010496 0.1
v -0.550872 0.189176 0.1
v -0.326588 -0.123786 0.1
v -0.290043 -0.145023 0.1
v -0.249713 -0.157044 0.1
v -0.206407 -0.160824 0.1
v -0.111238 -0.160824 0.1
v -0.111238 0.189176 0.1
v -0.210009 0.189176 0.1
v -0.339985 0.14354 0.1
v -0.364735 0.116096 0.1
v -0.381001 0.085995 0.1
v -0.260574 0.183771 0.1
v -0.301524 0.169391 0.1
v -0.339619 0.143862 0.1
v -0.469774 -0.160824 0.1
v -0.503187 -0.062653 0.1
v -0.647775 -0.062653 0.1
v -0.390401 0.051511 0.1
v -0.392945 0.018578 0.1
v -0.388033 -0.028262 0.1
v 0.369622 -0.063667 2.1
v 0.558646 -0.063667 2.1
v 0.601329 0.21987 2.1
v 1.290354 0.216821 2.1
v 1.290354 -0.112447 2.1
v 1.363524 -0.112447 2.1
v -0.063305 1.591707 2.1
v -0.063305 4.010496 2.1
v -0.618183 4.010496 2.1
v -0.316249 0.21987 2.1
v -0.063305 0.21987 2.1
v -0.283703 0.216305 2.1
v -0.236434 0.199482 2.1
v -0.164579 -0.203371 2.1
v -0.202428 -0.241768 2.1
v -0.063305 -0.286228 2.1
v -0.136859 -0.156889 2.1
v -0.243938 -0.267299 2.1
v -0.29223 -0.283325 2.1
v -0.321465 -0.286228 2.1
v -0.192958 0.170247 2.1
v -0.155862 0.128486 2.1
v -0.129795 0.078558 2.1
v -0.115622 0.022814 2.1
v -0.112085 -0.027272 2.1
v -0.118808 -0.099598 2.1
v -0.618183 1.591707 2.1
v -0.379464 0.21987 2.1
v -0.344078 0.222919 2.1
v -0.53397 0.137843 2.1
v -0.495148 0.176437 2.1
v -0.618183 0.21987 2.1
v -0.448966 0.203445 2.1
v -0.398341 0.218244 2.1
v -0.413407 -0.28279 2.1
v -0.46039 -0.266633 2.1
v -0.618183 -0.286228 2.1
v -0.501291 -0.240581 2.1
v -0.587695 -0.039086 2.1
v -0.580859 0.033163 2.1
v -0.562402 0.090997 2.1
v -0.537208 -0.203399 2.1
v -0.564907 -0.156722 2.1
v -0.58181 -0.10269 2.1
v -0.380958 -0.286228 2.1
v -0.618183 -4.010496 2.1
v -0.352177 -0.289276 2.1
v -1.371047 -4.010496 2.1
v -1.20574 -0.289276 2.1
v -1.235327 -0.286228 2.1
v -0.990134 0.21987 2.1
v -1.045012 0.209199 2.1
v -1.045012 0.136029 2.1
v -1.026719 -0.154273 2.1
v -1.030655 -0.189403 2.1
v -0.990134 -0.286228 2.1
v -1.084724 -0.049093 2.1
v -1.055882 -0.075964 2.1
v -1.039263 -0.100965 2.1
v -1.029987 -0.126026 2.1
v -1.039928 -0.214735 2.1
v -1.05608 -0.238181 2.1
v -1.076991 -0.256437 2.1
v -1.105247 -0.271899 2.1
v -1.154048 -0.285506 2.1
v -1.163941 -0.286228 2.1
v -1.158293 -0.006121 2.1
v -1.082814 0.155657 2.1
v -1.204768 0.018506 2.1
v -1.125557 0.165873 2.1
v -1.160103 0.168041 2.1
v -1.257066 0.06248 2.1
v -1.262329 0.076267 2.1
v -1.264524 0.095346 2.1
v -1.248611 0.050078 2.1
v -1.233278 0.036632 2.1
v -1.251246 0.134703 2.1
v -1.258535 0.12336 2.1
v -1.262956 0.110497 2.1
v -1.195107 0.164868 2.1
v -1.221651 0.156378 2.1
v -1.239853 0.145653 2.1
v -1.096029 0.21987 2.1
v -0.990134 1.591707 2.1
v -1.09926 0.220546 2.1
v -1.154768 0.222919 2.1
v -1.371047 1.591707 2.1
v -1.186031 0.21987 2.1
v -1.371047 0.21987 2.1
v -1.210042 0.217528 2.1
v -1.315572 -0.271022 2.1
v -1.331597 -0.263362 2.1
v -1.371047 -0.286228 2.1
v -1.331597 -0.190191 2.1
v -1.283307 -0.008307 2.1
v -1.305472 0.01285 2.1
v -1.270091 -0.282645 2.1
v -1.327117 0.123325 2.1
v -1.317345 0.147253 2.1
v -1.30163 0.168962 2.1
v -1.3198 0.035437 2.1
v -1.328742 0.061499 2.1
v -1.331597 0.088772 2.1
v -1.280159 0.187592 2.1
v -1.252043 0.203746 2.1
v -1.20936 -0.053091 2.1
v -1.295046 -0.212651 2.1
v -1.141406 -0.089156 2.1
v -1.23586 -0.230846 2.1
v -1.134442 -0.093597 2.1
v -1.198309 -0.234398 2.1
v -1.162003 -0.231601 2.1
v -1.136628 -0.22474 2.1
v -1.118695 -0.21484 2.1
v -1.108283 -0.205029 2.1
v -1.101663 -0.195115 2.1
v -1.095907 -0.179521 2.1
v -1.093792 -0.159798 2.1
v -1.095967 -0.142055 2.1
v -1.101631 -0.12783 2.1
v -1.113862 -0.11106 2.1
v -0.785892 -0.286228 2.1
v -0.827691 -0.289276 2.1
v -0.990134 -4.010496 2.1
v -0.857279 -0.286228 2.1
v -0.71798 0.21987 2.1
v -0.666963 0.209199 2.1
v -0.652607 -0.189403 2.1
v -0.661879 -0.214735 2.1
v -0.666963 0.136029 2.1
v -0.706675 -0.049093 2.1
v -0.677834 -0.075964 2.1
v -0.678031 -0.238181 2.1
v -0.698942 -0.256437 2.1
v -0.727198 -0.271899 2.1
v -0.775999 -0.285506 2.1
v -0.661215 -0.100965 2.1
v -0.651939 -0.126026 2.1
v -0.648671 -0.154273 2.1
v -0.780245 -0.006121 2.1
v -0.704766 0.155657 2.1
v -0.826719 0.018506 2.1
v -0.747508 0.165873 2.1
v -0.782055 0.168041 2.1
v -0.879018 0.06248 2.1
v -0.88428 0.076267 2.1
v -0.886476 0.095346 2.1
v -0.870562 0.050078 2.1
v -0.855229 0.036632 2.1
v -0.873198 0.134703 2.1
v -0.880486 0.12336 2.1
v -0.884907 0.110497 2.1
v -0.817058 0.164868 2.1
v -0.843602 0.156378 2.1
v -0.861804 0.145653 2.1
v -0.721211 0.220546 2.1
v -0.776719 0.222919 2.1
v -0.807982 0.21987 2.1
v -0.831993 0.217528 2.1
v -0.892042 -0.282645 2.1
v -0.937523 -0.271022 2.1
v -0.953549 -0.263362 2.1
v -0.953549 -0.190191 2.1
v -0.905258 -0.008307 2.1
v -0.927423 0.01285 2.1
v -0.941751 0.035437 2.1
v -0.939297 0.147253 2.1
v -0.923581 0.168962 2.1
v -0.950693 0.061499 2.1
v -0.953549 0.088772 2.1
v -0.949068 0.123325 2.1
v -0.90211 0.187592 2.1
v -0.873994 0.203746 2.1
v -0.831312 -0.053091 2.1
v -0.916997 -0.212651 2.1
v -0.763357 -0.089156 2.1
v -0.857811 -0.230846 2.1
v -0.756393 -0.093597 2.1
v -0.82026 -0.234398 2.1
v -0.783954 -0.231601 2.1
v -0.758579 -0.22474 2.1
v -0.740646 -0.21484 2.1
v -0.730235 -0.205029 2.1
v -0.723614 -0.195115 2.1
v -0.717858 -0.179521 2.1
v -0.715744 -0.159798 2.1
v -0.717918 -0.142055 2.1
v -0.723582 -0.12783 2.1
v -0.735814 -0.11106 2.1
v 0.976329 -0.286228 2.1
v 0.976329 0.21987 2.1
v 0.954988 -0.228301 2.1
v 0.867824 0.208173 2.1
v 0.89811 0.189382 2.1
v 0.918309 0.168609 2.1
v 0.931895 0.145409 2.1
v 0.923883 0.0048 2.1
v 0.903784 -0.02536 2.1
v 0.856067 -0.070657 2.1
v 0.954988 -0.283179 2.1
v 0.644012 -0.283179 2.1
v 0.601329 -0.286228 2.1
v 0.644012 -0.258407 2.1
v 0.648311 -0.211244 2.1
v 0.662305 0.107256 2.1
v 0.662305 0.168422 2.1
v 0.696442 0.197056 2.1
v 0.660706 -0.174326 2.1
v 0.680974 -0.142766 2.1
v 0.721928 -0.10198 2.1
v 0.774347 -0.062339 2.1
v 0.779778 -0.058522 2.1
v 0.679252 0.123522 2.1
v 0.940113 0.118781 2.1
v 0.942793 0.088963 2.1
v 0.937874 0.043009 2.1
v 0.831036 -0.08901 2.1
v 0.752994 -0.146136 2.1
v 0.7289 -0.169931 2.1
v 0.717879 -0.186898 2.1
v 0.711837 -0.204765 2.1
v 0.709561 -0.228301 2.1
v 0.868851 0.027866 2.1
v 0.878671 0.055177 2.1
v 0.713849 0.147891 2.1
v 0.849842 3.98E-4 2.1
v 0.881817 0.084104 2.1
v 0.879575 0.105771 2.1
v 0.873862 0.122357 2.1
v 0.837982 0.157431 2.1
v 0.814469 0.1653 2.1
v 0.78559 0.168041 2.1
v 0.74809 0.162502 2.1
v 0.865018 0.136354 2.1
v 0.853441 0.147682 2.1
v 0.730274 0.213585 2.1
v 0.760017 0.21987 2.1
v 0.601329 1.591707 2.1
v 0.769731 0.221923 2.1
v 0.791688 0.222919 2.1
v 0.976329 1.591707 2.1
v 0.824063 0.21987 2.1
v 0.834156 0.21892 2.1
v 0.976329 4.010496 2.1
v 0.601329 4.010496 2.1
v -0.990134 4.010496 2.1
v -1.371047 4.010496 2.1
v -1.660496 2.960496 2.1
v -1.7252 2.969014 2.1
v -2.185496 1.591707 2.1
v -1.595791 3.451977 2.1
v -1.535496 3.427002 2.1
v -1.483719 3.387272 2.1
v -1.443989 3.335496 2.1
v -1.443989 3.085496 2.1
v -1.483719 3.033719 2.1
v -1.535496 2.993989 2.1
v -1.595791 2.969014 2.1
v -1.785496 2.993989 2.1
v -1.837272 3.033719 2.1
v -1.877002 3.085496 2.1
v -1.419014 3.275201 2.1
v -1.410496 3.210496 2.1
v -1.419014 3.145791 2.1
v -1.877002 3.335496 2.1
v -1.837272 3.387272 2.1
v -2.185496 4.010496 2.1
v -1.785496 3.427002 2.1
v -1.7252 3.451977 2.1
v -1.660496 3.460496 2.1
v -1.901977 3.145791 2.1
v -1.910496 3.210496 2.1
v -1.901977 3.275201 2.1
v 2.460496 4.010496 2.1
v 2.460496 1.591707 2.1
v 2.460496 0.21987 2.1
v 2.460496 -0.286228 2.1
v 1.290354 -0.283179 2.1
v 1.229378 -0.283179 2.1
v 1.229378 -0.167325 2.1
v 1.290354 -0.167325 2.1
v 1.363524 -0.167325 2.1
v 1.225186 0.216821 2.1
v 0.997671 -0.167325 2.1
v 0.997671 -0.115305 2.1
v 1.134608 0.064242 2.1
v 0.558646 -0.112447 2.1
v 0.333037 -0.286228 2.1
v 0.369622 -0.112447 2.1
v 0.333037 0.21987 2.1
v 0.333037 1.591707 2.1
v 0.333037 4.010496 2.1
v 0.116383 -0.094154 2.1
v 0.052549 -0.094154 2.1
v 0.052549 -0.283179 2.1
v 0.279789 -0.007124 2.1
v 0.259416 -0.036993 2.1
v 0.229598 -0.06349 2.1
v 0.192835 -0.082705 2.1
v 0.175588 0.212726 2.1
v 0.213684 0.201583 2.1
v 0.279349 0.143877 2.1
v 0.290378 0.115822 2.1
v 0.126863 0.216821 2.1
v 0.296239 0.075947 2.1
v 0.296451 0.067145 2.1
v 0.291628 0.025046 2.1
v 0.243085 0.185078 2.1
v 0.261361 0.168924 2.1
v 0.153074 -0.092476 2.1
v -0.014524 -0.283179 2.1
v -0.014524 0.216821 2.1
v -0.063305 -4.010496 2.1
v 0.333037 -4.010496 2.1
v 0.601329 -4.010496 2.1
v 0.976329 -4.010496 2.1
v 2.460496 -4.010496 2.1
v -2.185496 0.21987 2.1
v -2.185496 -0.286228 2.1
v -2.185496 -4.010496 2.1
v -2.460496 4.010496 2.1
v -2.460496 1.591707 2.1
v -2.460496 0.21987 2.1
v -2.460496 -0.286228 2.1
v -2.460496 -4.010496 2.1
v 2.65 3.725 1.0
v 2.65 4.1 1.0
v 2.65 3.725 1.2
v 2.65 4.1 1.2
v 2.55 4.2 1.0
v -2.55 4.2 1.0
v 2.55 4.2 1.2
v -2.55 4.2 1.2
v -2.65 3.725 1.2
v -2.65 4.1 1.2
v -2.65 3.725 1.0
v -2.65 4.1 1.0
v 2.55 -4.2 1.2
v -2.55 -4.2 1.2
v 2.55 -4.2 1.0
v -2.55 -4.2 1.0
v -2.55061 -4.199998 0.999983
v -2.460496 -4.109884 0.188957
v 2.460496 -4.109884 0.188957
v 2.55061 -4.199998 0.999983
v 2.559884 4.010496 0.188957
v 2.649998 4.10061 0.999983
v 2.559884 -4.010496 0.188957
v 2.649998 -4.10061 0.999983
v -2.559884 -4.010496 0.188957
v -2.649998 -4.10061 0.999983
v -2.559884 4.010496 0.188957
v -2.649998 4.10061 0.999983
v 2.55061 4.199998 0.999983
v 2.460496 4.109884 0.188957
v -2.460496 4.109884 0.188957
v -2.55061 4.199998 0.999983
v -2.55061 4.199998 1.200017
v -2.460496 4.109884 2.011043
v 2.460496 4.109884 2.011043
v 2.55061 4.199998 1.200017
v -2.559884 4.010496 2.011043
v -2.649998 4.10061 1.200017
v -2.559884 -4.010496 2.011043
v -2.649998 -4.10061 1.200017
v 2.559884 4.010496 2.011043
v 2.559884 -4.010496 2.011043
v 2.649998 -4.10061 1.200017
v 2.649998 4.10061 1.200017
v 2.55061 -4.199998 1.200017
v 2.460496 -4.109884 2.011043
v -2.460496 -4.109884 2.011043
v -2.55061 -4.199998 1.200017
v 2.460496 4.104545 2.033981
v -2.460496 4.104545 2.033981
v 2.460496 4.104218 2.034627
v -2.460496 4.104218 2.034627
v 2.460496 4.093504 2.055763
v -2.460496 4.093504 2.055763
v 2.460496 4.093125 2.056201
v -2.460496 4.093125 2.056201
v 2.460496 4.077514 2.07422
v -2.460496 4.077514 2.07422
v 2.460496 4.077157 2.07447
v -2.460496 4.077157 2.07447
v 2.460496 4.057526 2.088251
v -2.460496 4.057526 2.088251
v 2.460496 4.057256 2.088355
v -2.460496 4.057256 2.088355
v 2.460496 4.034733 2.097018
v -2.460496 4.034733 2.097018
v 2.460496 4.034589 2.097036
v -2.460496 4.034589 2.097036
v 2.478967 4.091424 2.055763
v 2.475409 4.075833 2.07422
v 2.470961 4.056346 2.088251
v 2.465889 4.034126 2.097018
v 2.471012 4.032333 2.097018
v 2.482333 4.021012 2.097018
v 2.479446 4.025608 2.097018
v 2.484126 4.015889 2.097018
v 2.482498 4.106742 2.013139
v 2.481424 4.102187 2.033981
v 2.486026 4.106238 2.013475
v 2.501302 4.095231 2.033981
v 2.503153 4.098997 2.014573
v 2.509843 4.096168 2.015002
v 2.519135 4.084026 2.033981
v 2.521601 4.087098 2.015301
v 2.530349 4.080349 2.015523
v 2.534027 4.069135 2.033981
v 2.537098 4.071601 2.015301
v 2.546168 4.059843 2.015002
v 2.545231 4.051302 2.033981
v 2.548997 4.053153 2.014573
v 2.556238 4.036026 2.013475
v 2.552187 4.031424 2.033981
v 2.556742 4.032497 2.013139
v 2.554545 4.010496 2.033981
v 2.48459 4.010496 2.097036
v 2.489819 4.047265 2.088251
v 2.497265 4.039818 2.088251
v 2.502868 4.030901 2.088251
v 2.506347 4.020961 2.088251
v 2.480901 4.052868 2.088251
v 2.475608 4.029446 2.097018
v 2.484734 4.010496 2.097018
v 2.507255 4.010496 2.088355
v 2.507526 4.010496 2.088251
v 2.527158 4.010496 2.07447
v 2.489574 4.070877 2.07422
v 2.502281 4.062892 2.07422
v 2.512892 4.052281 2.07422
v 2.520877 4.039574 2.07422
v 2.525833 4.025409 2.07422
v 2.496512 4.085284 2.055763
v 2.512251 4.075395 2.055763
v 2.525394 4.062251 2.055763
v 2.535284 4.046512 2.055763
v 2.541423 4.028967 2.055763
v 2.527514 4.010496 2.07422
v 2.543125 4.010496 2.056201
v 2.543504 4.010496 2.055763
v 2.554217 4.010496 2.034627
v -2.554217 4.010496 2.034627
v -2.543504 4.010496 2.055763
v -2.541423 4.028967 2.055763
v -2.543125 4.010496 2.056201
v -2.527514 4.010496 2.07422
v -2.525833 4.025409 2.07422
v -2.506347 4.020961 2.088251
v -2.484126 4.015889 2.097018
v -2.482333 4.021012 2.097018
v -2.471012 4.032333 2.097018
v -2.475608 4.029446 2.097018
v -2.465889 4.034126 2.097018
v -2.48459 4.010496 2.097036
v -2.556742 4.032497 2.013139
v -2.552187 4.031424 2.033981
v -2.556238 4.036026 2.013475
v -2.545231 4.051302 2.033981
v -2.548997 4.053153 2.014573
v -2.546168 4.059843 2.015002
v -2.534027 4.069135 2.033981
v -2.537098 4.071601 2.015301
v -2.530349 4.080349 2.015523
v -2.519135 4.084026 2.033981
v -2.521601 4.087098 2.015301
v -2.509843 4.096168 2.015002
v -2.501302 4.095231 2.033981
v -2.503153 4.098997 2.014573
v -2.486026 4.106238 2.013475
v -2.481424 4.102187 2.033981
v -2.482498 4.106742 2.013139
v -2.527158 4.010496 2.07447
v -2.507526 4.010496 2.088251
v -2.507255 4.010496 2.088355
v -2.484734 4.010496 2.097018
v -2.497265 4.039818 2.088251
v -2.489819 4.047265 2.088251
v -2.480901 4.052868 2.088251
v -2.470961 4.056346 2.088251
v -2.502868 4.030901 2.088251
v -2.479446 4.025608 2.097018
v -2.520877 4.039574 2.07422
v -2.512892 4.052281 2.07422
v -2.502281 4.062892 2.07422
v -2.489574 4.070877 2.07422
v -2.475409 4.075833 2.07422
v -2.535284 4.046512 2.055763
v -2.525394 4.062251 2.055763
v -2.512251 4.075395 2.055763
v -2.496512 4.085284 2.055763
v -2.478967 4.091424 2.055763
v -2.554545 4.010496 2.033981
v 2.48459 -4.010496 2.097036
v 2.484734 -4.010496 2.097018
v 2.507255 -4.010496 2.088355
v 2.507526 -4.010496 2.088251
v 2.527158 -4.010496 2.07447
v 2.527514 -4.010496 2.07422
v 2.543125 -4.010496 2.056201
v 2.543504 -4.010496 2.055763
v 2.554217 -4.010496 2.034627
v 2.554545 -4.010496 2.033981
v 2.575875 4.196541 1.201221
v 2.576274 4.196486 1.20124
v 2.59999 4.186579 1.202002
v 2.600176 4.186501 1.202008
v 2.620711 4.170711 1.20227
v 2.646541 4.125875 1.201221
v 2.646487 4.126275 1.20124
v 2.636578 4.14999 1.202002
v 2.636501 4.150176 1.202008
v -2.572191 4.197045 1.201045
v -2.576274 4.196486 1.20124
v -2.647045 4.12219 1.201045
v -2.646487 4.126275 1.20124
v -2.639449 4.143118 1.201781
v -2.593118 4.189449 1.201781
v -2.600176 4.186501 1.202008
v -2.611845 4.177528 1.202157
v -2.620711 4.170711 1.20227
v -2.627528 4.161845 1.202157
v -2.636501 4.150176 1.202008
v -2.48459 -4.010496 2.097036
v -2.484734 -4.010496 2.097018
v -2.507255 -4.010496 2.088355
v -2.507526 -4.010496 2.088251
v -2.527158 -4.010496 2.07447
v -2.527514 -4.010496 2.07422
v -2.543125 -4.010496 2.056201
v -2.543504 -4.010496 2.055763
v -2.554217 -4.010496 2.034627
v -2.554545 -4.010496 2.033981
v -2.460496 -4.104545 2.033981
v 2.460496 -4.104545 2.033981
v -2.460496 -4.104218 2.034627
v 2.460496 -4.104218 2.034627
v -2.460496 -4.093504 2.055763
v 2.460496 -4.093504 2.055763
v -2.460496 -4.093125 2.056201
v 2.460496 -4.093125 2.056201
v -2.460496 -4.077514 2.07422
v 2.460496 -4.077514 2.07422
v -2.460496 -4.077157 2.07447
v 2.460496 -4.077157 2.07447
v -2.460496 -4.057526 2.088251
v 2.460496 -4.057526 2.088251
v -2.460496 -4.057256 2.088355
v 2.460496 -4.057256 2.088355
v -2.460496 -4.034733 2.097018
v 2.460496 -4.034733 2.097018
v -2.460496 -4.034589 2.097036
v 2.460496 -4.034589 2.097036
v 2.541423 -4.028967 2.055763
v 2.525833 -4.025409 2.07422
v 2.506347 -4.020961 2.088251
v 2.484126 -4.015889 2.097018
v 2.482333 -4.021012 2.097018
v 2.471012 -4.032333 2.097018
v 2.475608 -4.029446 2.097018
v 2.465889 -4.034126 2.097018
v 2.556742 -4.032497 2.013139
v 2.552187 -4.031424 2.033981
v 2.556238 -4.036026 2.013475
v 2.545231 -4.051302 2.033981
v 2.548997 -4.053153 2.014573
v 2.546168 -4.059843 2.015002
v 2.534027 -4.069135 2.033981
v 2.537098 -4.071601 2.015301
v 2.530349 -4.080349 2.015523
v 2.519135 -4.084026 2.033981
v 2.521601 -4.087098 2.015301
v 2.509843 -4.096168 2.015002
v 2.501302 -4.095231 2.033981
v 2.503153 -4.098997 2.014573
v 2.486026 -4.106238 2.013475
v 2.481424 -4.102187 2.033981
v 2.482498 -4.106742 2.013139
v 2.497265 -4.039818 2.088251
v 2.489819 -4.047265 2.088251
v 2.480901 -4.052868 2.088251
v 2.470961 -4.056346 2.088251
v 2.502868 -4.030901 2.088251
v 2.479446 -4.025608 2.097018
v 2.520877 -4.039574 2.07422
v 2.512892 -4.052281 2.07422
v 2.502281 -4.062892 2.07422
v 2.489574 -4.070877 2.07422
v 2.475409 -4.075833 2.07422
v 2.535284 -4.046512 2.055763
v 2.525394 -4.062251 2.055763
v 2.512251 -4.075395 2.055763
v 2.496512 -4.085284 2.055763
v 2.478967 -4.091424 2.055763
v 2.646541 4.125875 0.998779
v 2.646487 4.126275 0.99876
v 2.636578 4.14999 0.997998
v 2.636501 4.150176 0.997992
v 2.620711 4.170711 0.99773
v 2.600176 4.186501 0.997992
v 2.59999 4.186579 0.997998
v 2.576274 4.196486 0.99876
v 2.575875 4.196541 0.998779
v -2.647045 4.12219 0.998955
v -2.646487 4.126275 0.99876
v -2.639449 4.143118 0.998219
v -2.636501 4.150176 0.997992
v -2.627528 4.161845 0.997843
v -2.620711 4.170711 0.99773
v -2.611845 4.177528 0.997843
v -2.600176 4.186501 0.997992
v -2.593118 4.189449 0.998219
v -2.576274 4.196486 0.99876
v -2.572191 4.197045 0.998955
v -2.477841 -4.07523 2.07422
v -2.472668 -4.055923 2.088251
v -2.466769 -4.033908 2.097018
v -2.472615 -4.031487 2.097018
v -2.481486 -4.022614 2.097018
v -2.477634 -4.027635 2.097018
v -2.483908 -4.016769 2.097018
v -2.484838 -4.101341 2.033981
v -2.486135 -4.106192 2.013482
v -2.486026 -4.106238 2.013475
v -2.509843 -4.096168 2.015002
v -2.50752 -4.091945 2.033981
v -2.509922 -4.096107 2.015004
v -2.526999 -4.076999 2.033981
v -2.530349 -4.080349 2.015523
v -2.541945 -4.05752 2.033981
v -2.546108 -4.059922 2.015004
v -2.546168 -4.059843 2.015002
v -2.551341 -4.034838 2.033981
v -2.556192 -4.036135 2.013482
v -2.556238 -4.036026 2.013475
v -2.484011 -4.051225 2.088251
v -2.493751 -4.043751 2.088251
v -2.501225 -4.034011 2.088251
v -2.505923 -4.022668 2.088251
v -2.494005 -4.068535 2.07422
v -2.507885 -4.057885 2.07422
v -2.518535 -4.044005 2.07422
v -2.52523 -4.027841 2.07422
v -2.48198 -4.090676 2.055763
v -2.502 -4.082384 2.055763
v -2.519192 -4.069192 2.055763
v -2.532383 -4.052 2.055763
v -2.540676 -4.03198 2.055763
v 2.572191 -4.197045 1.201045
v 2.576274 -4.196486 1.20124
v 2.593118 -4.189449 1.201781
v 2.600176 -4.186501 1.202008
v 2.611845 -4.177528 1.202157
v 2.620711 -4.170711 1.20227
v 2.627528 -4.161845 1.202157
v 2.636501 -4.150176 1.202008
v 2.639449 -4.143118 1.201781
v 2.646487 -4.126275 1.20124
v 2.647045 -4.12219 1.201045
v 2.556742 4.032497 0.186861
v 2.556238 4.036026 0.186525
v 2.548997 4.053153 0.185427
v 2.546168 4.059843 0.184998
v 2.537098 4.071601 0.184699
v 2.530349 4.080349 0.184477
v 2.521601 4.087098 0.184699
v 2.509843 4.096168 0.184998
v 2.503153 4.098997 0.185427
v 2.486026 4.106238 0.186525
v 2.482498 4.106742 0.186861
v -2.460496 4.034589 0.102964
v -2.460496 4.104545 0.166019
v 2.460496 4.104545 0.166019
v -2.460496 4.104218 0.165373
v 2.460496 4.104218 0.165373
v -2.460496 4.093504 0.144237
v 2.460496 4.093504 0.144237
v -2.460496 4.093125 0.143799
v 2.460496 4.093125 0.143799
v -2.460496 4.077514 0.12578
v 2.460496 4.077514 0.12578
v -2.460496 4.077157 0.12553
v 2.460496 4.077157 0.12553
v -2.460496 4.057526 0.111749
v 2.460496 4.057526 0.111749
v -2.460496 4.057256 0.111645
v 2.460496 4.057256 0.111645
v -2.460496 4.034733 0.102982
v 2.460496 4.034733 0.102982
v 2.460496 4.034589 0.102964
v -2.486026 4.106238 0.186525
v -2.509843 4.096168 0.184998
v -2.486135 4.106192 0.186518
v -2.509922 4.096107 0.184996
v -2.530349 4.080349 0.184477
v -2.546108 4.059922 0.184996
v -2.546168 4.059843 0.184998
v -2.556192 4.036135 0.186518
v -2.556238 4.036026 0.186525
v -2.600176 -4.186501 1.202008
v -2.59999 -4.186579 1.202002
v -2.576274 -4.196486 1.20124
v -2.575875 -4.196541 1.201221
v -2.620711 -4.170711 1.20227
v -2.636501 -4.150176 1.202008
v -2.636578 -4.14999 1.202002
v -2.646487 -4.126275 1.20124
v -2.646541 -4.125875 1.201221
v 2.647045 -4.12219 0.998955
v 2.646487 -4.126275 0.99876
v 2.639449 -4.143118 0.998219
v 2.636501 -4.150176 0.997992
v 2.627528 -4.161845 0.997843
v 2.620711 -4.170711 0.99773
v 2.611845 -4.177528 0.997843
v 2.600176 -4.186501 0.997992
v 2.593118 -4.189449 0.998219
v 2.576274 -4.196486 0.99876
v 2.572191 -4.197045 0.998955
v 2.48459 4.010496 0.102964
v 2.484126 4.015889 0.102982
v 2.475608 4.029446 0.102982
v 2.479446 4.025608 0.102982
v 2.470961 4.056346 0.111749
v 2.475409 4.075833 0.12578
v 2.478967 4.091424 0.144237
v 2.481424 4.102187 0.166019
v 2.501302 4.095231 0.166019
v 2.545231 4.051302 0.166019
v 2.552187 4.031424 0.166019
v 2.519135 4.084026 0.166019
v 2.554545 4.010496 0.166019
v 2.554217 4.010496 0.165373
v 2.541423 4.028967 0.144237
v 2.496512 4.085284 0.144237
v 2.543504 4.010496 0.144237
v 2.543125 4.010496 0.143799
v 2.525833 4.025409 0.12578
v 2.489574 4.070877 0.12578
v 2.512251 4.075395 0.144237
v 2.534027 4.069135 0.166019
v 2.527514 4.010496 0.12578
v 2.527158 4.010496 0.12553
v 2.506347 4.020961 0.111749
v 2.525394 4.062251 0.144237
v 2.502281 4.062892 0.12578
v 2.480901 4.052868 0.111749
v 2.465889 4.034126 0.102982
v 2.497265 4.039818 0.111749
v 2.535284 4.046512 0.144237
v 2.520877 4.039574 0.12578
v 2.502868 4.030901 0.111749
v 2.482333 4.021012 0.102982
v 2.512892 4.052281 0.12578
v 2.489819 4.047265 0.111749
v 2.471012 4.032333 0.102982
v 2.507526 4.010496 0.111749
v 2.507255 4.010496 0.111645
v 2.484734 4.010496 0.102982
v -2.466769 4.033908 0.102982
v -2.507255 4.010496 0.111645
v -2.507526 4.010496 0.111749
v -2.505923 4.022668 0.111749
v -2.527158 4.010496 0.12553
v -2.527514 4.010496 0.12578
v -2.52523 4.027841 0.12578
v -2.540676 4.03198 0.144237
v -2.551341 4.034838 0.166019
v -2.541945 4.05752 0.166019
v -2.484838 4.101341 0.166019
v -2.554545 4.010496 0.166019
v -2.554217 4.010496 0.165373
v -2.543504 4.010496 0.144237
v -2.543125 4.010496 0.143799
v -2.48198 4.090676 0.144237
v -2.532383 4.052 0.144237
v -2.526999 4.076999 0.166019
v -2.477841 4.07523 0.12578
v -2.518535 4.044005 0.12578
v -2.519192 4.069192 0.144237
v -2.472668 4.055923 0.111749
v -2.507885 4.057885 0.12578
v -2.501225 4.034011 0.111749
v -2.483908 4.016769 0.102982
v -2.50752 4.091945 0.166019
v -2.502 4.082384 0.144237
v -2.494005 4.068535 0.12578
v -2.484011 4.051225 0.111749
v -2.472615 4.031487 0.102982
v -2.48459 4.010496 0.102964
v -2.484734 4.010496 0.102982
v -2.493751 4.043751 0.111749
v -2.481486 4.022614 0.102982
v -2.477634 4.027635 0.102982
v -2.575875 -4.196541 0.998779
v -2.576274 -4.196486 0.99876
v -2.59999 -4.186579 0.997998
v -2.600176 -4.186501 0.997992
v -2.620711 -4.170711 0.99773
v -2.636501 -4.150176 0.997992
v -2.636578 -4.14999 0.997998
v -2.646487 -4.126275 0.99876
v -2.646541 -4.125875 0.998779
v 2.556238 -4.036026 0.186525
v 2.486026 -4.106238 0.186525
v 2.482498 -4.106742 0.186861
v 2.548997 -4.053153 0.185427
v 2.546168 -4.059843 0.184998
v 2.537098 -4.071601 0.184699
v 2.530349 -4.080349 0.184477
v 2.521601 -4.087098 0.184699
v 2.509843 -4.096168 0.184998
v 2.503153 -4.098997 0.185427
v 2.556742 -4.032497 0.186861
v 2.48459 -4.010496 0.102964
v 2.484734 -4.010496 0.102982
v 2.507255 -4.010496 0.111645
v 2.507526 -4.010496 0.111749
v 2.527158 -4.010496 0.12553
v 2.527514 -4.010496 0.12578
v 2.543125 -4.010496 0.143799
v 2.543504 -4.010496 0.144237
v 2.554217 -4.010496 0.165373
v 2.554545 -4.010496 0.166019
v -2.48459 -4.010496 0.102964
v -2.554545 -4.010496 0.166019
v -2.554217 -4.010496 0.165373
v -2.543504 -4.010496 0.144237
v -2.543125 -4.010496 0.143799
v -2.527514 -4.010496 0.12578
v -2.527158 -4.010496 0.12553
v -2.507526 -4.010496 0.111749
v -2.507255 -4.010496 0.111645
v -2.484734 -4.010496 0.102982
v -2.556742 -4.032497 0.186861
v -2.556238 -4.036026 0.186525
v -2.548997 -4.053153 0.185427
v -2.546168 -4.059843 0.184998
v -2.537098 -4.071601 0.184699
v -2.482498 -4.106742 0.186861
v -2.486026 -4.106238 0.186525
v -2.503153 -4.098997 0.185427
v -2.509843 -4.096168 0.184998
v -2.521601 -4.087098 0.184699
v -2.530349 -4.080349 0.184477
v 2.460496 -4.034589 0.102964
v 2.465889 -4.034126 0.102982
v 2.479446 -4.025608 0.102982
v 2.475608 -4.029446 0.102982
v 2.506347 -4.020961 0.111749
v 2.525833 -4.025409 0.12578
v 2.541423 -4.028967 0.144237
v 2.552187 -4.031424 0.166019
v 2.545231 -4.051302 0.166019
v 2.501302 -4.095231 0.166019
v 2.481424 -4.102187 0.166019
v 2.534027 -4.069135 0.166019
v 2.460496 -4.104545 0.166019
v 2.460496 -4.104218 0.165373
v 2.478967 -4.091424 0.144237
v 2.535284 -4.046512 0.144237
v 2.460496 -4.093504 0.144237
v 2.460496 -4.093125 0.143799
v 2.475409 -4.075833 0.12578
v 2.520877 -4.039574 0.12578
v 2.525394 -4.062251 0.144237
v 2.519135 -4.084026 0.166019
v 2.460496 -4.077514 0.12578
v 2.460496 -4.077157 0.12553
v 2.470961 -4.056346 0.111749
v 2.512251 -4.075395 0.144237
v 2.512892 -4.052281 0.12578
v 2.502868 -4.030901 0.111749
v 2.484126 -4.015889 0.102982
v 2.489819 -4.047265 0.111749
v 2.496512 -4.085284 0.144237
v 2.489574 -4.070877 0.12578
v 2.480901 -4.052868 0.111749
v 2.471012 -4.032333 0.102982
v 2.502281 -4.062892 0.12578
v 2.497265 -4.039818 0.111749
v 2.482333 -4.021012 0.102982
v 2.460496 -4.057526 0.111749
v 2.460496 -4.057256 0.111645
v 2.460496 -4.034733 0.102982
v -2.484126 -4.015889 0.102982
v -2.475608 -4.029446 0.102982
v -2.479446 -4.025608 0.102982
v -2.460496 -4.057256 0.111645
v -2.460496 -4.057526 0.111749
v -2.470961 -4.056346 0.111749
v -2.460496 -4.077157 0.12553
v -2.460496 -4.077514 0.12578
v -2.475409 -4.075833 0.12578
v -2.478967 -4.091424 0.144237
v -2.481424 -4.102187 0.166019
v -2.501302 -4.095231 0.166019
v -2.545231 -4.051302 0.166019
v -2.552187 -4.031424 0.166019
v -2.519135 -4.084026 0.166019
v -2.460496 -4.104545 0.166019
v -2.460496 -4.104218 0.165373
v -2.460496 -4.093504 0.144237
v -2.460496 -4.093125 0.143799
v -2.541423 -4.028967 0.144237
v -2.496512 -4.085284 0.144237
v -2.525833 -4.025409 0.12578
v -2.489574 -4.070877 0.12578
v -2.512251 -4.075395 0.144237
v -2.534027 -4.069135 0.166019
v -2.506347 -4.020961 0.111749
v -2.525394 -4.062251 0.144237
v -2.502281 -4.062892 0.12578
v -2.480901 -4.052868 0.111749
v -2.465889 -4.034126 0.102982
v -2.497265 -4.039818 0.111749
v -2.535284 -4.046512 0.144237
v -2.520877 -4.039574 0.12578
v -2.502868 -4.030901 0.111749
v -2.482333 -4.021012 0.102982
v -2.460496 -4.034589 0.102964
v -2.460496 -4.034733 0.102982
v -2.512892 -4.052281 0.12578
v -2.489819 -4.047265 0.111749
v -2.471012 -4.032333 0.102982
v -1.331597 -0.263362 2.09
v -1.331597 -0.190191 2.09
newmtl 2
Ka 0.8941176470588236 0.8941176470588236 0.8941176470588236
Kd 0.6274509803921569 0.6274509803921569 0.6274509803921569
Ks 0.043137254901960784 0.043137254901960784 0.043137254901960784
d 0.0
endmtl
v -1.198309 -0.234398 2.09
v -1.23586 -0.230846 2.09
v -1.295046 -0.212651 2.09
v -1.093792 -0.159798 2.09
v -1.095907 -0.179521 2.09
v -1.101663 -0.195115 2.09
v -1.108283 -0.205029 2.09
v -1.118695 -0.21484 2.09
v -1.136628 -0.22474 2.09
v -1.162003 -0.231601 2.09
v -1.20936 -0.053091 2.09
v -1.141406 -0.089156 2.09
v -1.134442 -0.093597 2.09
v -1.113862 -0.11106 2.09
v -1.101631 -0.12783 2.09
v -1.095967 -0.142055 2.09
v -1.331597 0.088772 2.09
v -1.328742 0.061499 2.09
v -1.3198 0.035437 2.09
v -1.305472 0.01285 2.09
v -1.283307 -0.008307 2.09
v -1.154768 0.222919 2.09
v -1.210042 0.217528 2.09
v -1.252043 0.203746 2.09
v -1.280159 0.187592 2.09
v -1.30163 0.168962 2.09
v -1.317345 0.147253 2.09
v -1.327117 0.123325 2.09
v -1.09926 0.220546 2.09
v -1.045012 0.209199 2.09
v -1.045012 0.136029 2.09
v -1.160103 0.168041 2.09
v -1.125557 0.165873 2.09
v -1.082814 0.155657 2.09
v -1.264524 0.095346 2.09
v -1.262956 0.110497 2.09
v -1.258535 0.12336 2.09
v -1.251246 0.134703 2.09
v -1.239853 0.145653 2.09
v -1.221651 0.156378 2.09
v -1.195107 0.164868 2.09
v -1.158293 -0.006121 2.09
v -1.204768 0.018506 2.09
v -1.233278 0.036632 2.09
v -1.248611 0.050078 2.09
v -1.257066 0.06248 2.09
v -1.262329 0.076267 2.09
v -1.026719 -0.154273 2.09
v -1.029987 -0.126026 2.09
v -1.039263 -0.100965 2.09
v -1.055882 -0.075964 2.09
v -1.084724 -0.049093 2.09
v -1.20574 -0.289276 2.09
v -1.154048 -0.285506 2.09
v -1.105247 -0.271899 2.09
v -1.076991 -0.256437 2.09
v -1.05608 -0.238181 2.09
v -1.039928 -0.214735 2.09
v -1.030655 -0.189403 2.09
v -1.315572 -0.271022 2.09
v -1.270091 -0.282645 2.09
v -0.953549 -0.263362 2.09
v -0.953549 -0.190191 2.09
v -0.82026 -0.234398 2.09
v -0.857811 -0.230846 2.09
v -0.916997 -0.212651 2.09
v -0.715744 -0.159798 2.09
v -0.717858 -0.179521 2.09
v -0.723614 -0.195115 2.09
v -0.730235 -0.205029 2.09
v -0.740646 -0.21484 2.09
v -0.758579 -0.22474 2.09
v -0.783954 -0.231601 2.09
v -0.831312 -0.053091 2.09
v -0.763357 -0.089156 2.09
v -0.756393 -0.093597 2.09
v -0.735814 -0.11106 2.09
v -0.723582 -0.12783 2.09
v -0.717918 -0.142055 2.09
v -0.953549 0.088772 2.09
v -0.950693 0.061499 2.09
v -0.941751 0.035437 2.09
v -0.927423 0.01285 2.09
v -0.905258 -0.008307 2.09
v -0.776719 0.222919 2.09
v -0.831993 0.217528 2.09
v -0.873994 0.203746 2.09
v -0.90211 0.187592 2.09
v -0.923581 0.168962 2.09
v -0.939297 0.147253 2.09
v -0.949068 0.123325 2.09
v -0.721211 0.220546 2.09
v -0.666963 0.209199 2.09
v -0.666963 0.136029 2.09
v -0.782055 0.168041 2.09
v -0.747508 0.165873 2.09
v -0.704766 0.155657 2.09
v -0.886476 0.095346 2.09
v -0.884907 0.110497 2.09
v -0.880486 0.12336 2.09
v -0.873198 0.134703 2.09
v -0.861804 0.145653 2.09
v -0.843602 0.156378 2.09
v -0.817058 0.164868 2.09
v -0.780245 -0.006121 2.09
v -0.826719 0.018506 2.09
v -0.855229 0.036632 2.09
v -0.870562 0.050078 2.09
v -0.879018 0.06248 2.09
v -0.88428 0.076267 2.09
v -0.648671 -0.154273 2.09
v -0.651939 -0.126026 2.09
v -0.661215 -0.100965 2.09
v -0.677834 -0.075964 2.09
v -0.706675 -0.049093 2.09
v -0.827691 -0.289276 2.09
v -0.775999 -0.285506 2.09
v -0.727198 -0.271899 2.09
v -0.698942 -0.256437 2.09
v -0.678031 -0.238181 2.09
v -0.661879 -0.214735 2.09
v -0.652607 -0.189403 2.09
v -0.937523 -0.271022 2.09
v -0.892042 -0.282645 2.09
v -0.587695 -0.039086 2.09
v -0.58181 -0.10269 2.09
v -0.564907 -0.156722 2.09
v -0.537208 -0.203399 2.09
v -0.501291 -0.240581 2.09
v -0.46039 -0.266633 2.09
v -0.413407 -0.28279 2.09
v -0.352177 -0.289276 2.09
v -0.344078 0.222919 2.09
v -0.398341 0.218244 2.09
v -0.448966 0.203445 2.09
v -0.495148 0.176437 2.09
v -0.53397 0.137843 2.09
v -0.562402 0.090997 2.09
v -0.580859 0.033163 2.09
v -0.112085 -0.027272 2.09
v -0.115622 0.022814 2.09
v -0.129795 0.078558 2.09
v -0.155862 0.128486 2.09
v -0.192958 0.170247 2.09
v -0.236434 0.199482 2.09
v -0.283703 0.216305 2.09
v -0.29223 -0.283325 2.09
v -0.243938 -0.267299 2.09
v -0.202428 -0.241768 2.09
v -0.164579 -0.203371 2.09
v -0.136859 -0.156889 2.09
v -0.118808 -0.099598 2.09
v -0.520622 -0.033655 2.09
v -0.51525 -0.091191 2.09
v -0.500908 -0.136752 2.09
v -0.479644 -0.172464 2.09
v -0.452578 -0.200541 2.09
v -0.423157 -0.219222 2.09
v -0.388613 -0.230803 2.09
v -0.351986 -0.234398 2.09
v -0.307064 -0.229699 2.09
v -0.272399 -0.217866 2.09
v -0.243283 -0.199284 2.09
v -0.220172 -0.175644 2.09
v -0.200498 -0.143901 2.09
v -0.184929 -0.096357 2.09
v -0.179158 -0.034608 2.09
v -0.184102 0.024485 2.09
v -0.196855 0.069605 2.09
v -0.217721 0.10709 2.09
v -0.242206 0.133105 2.09
v -0.270027 0.151374 2.09
v -0.303052 0.163111 2.09
v -0.347794 0.168041 2.09
v -0.392494 0.162742 2.09
v -0.42607 0.14999 2.09
v -0.456049 0.129355 2.09
v -0.484868 0.096622 2.09
v -0.505275 0.057506 2.09
v -0.518629 0.00207 2.09
v -0.520622 -0.033655 2.1
v -0.518629 0.00207 2.1
v -0.505275 0.057506 2.1
v -0.484868 0.096622 2.1
v -0.456049 0.129355 2.1
v -0.42607 0.14999 2.1
v -0.392494 0.162742 2.1
v -0.347794 0.168041 2.1
v -0.303052 0.163111 2.1
v -0.270027 0.151374 2.1
v -0.242206 0.133105 2.1
v -0.217721 0.10709 2.1
v -0.196855 0.069605 2.1
v -0.184102 0.024485 2.1
v -0.179158 -0.034608 2.1
v -0.184929 -0.096357 2.1
v -0.200498 -0.143901 2.1
v -0.220172 -0.175644 2.1
v -0.243283 -0.199284 2.1
v -0.272399 -0.217866 2.1
v -0.307064 -0.229699 2.1
v -0.351986 -0.234398 2.1
v -0.388613 -0.230803 2.1
v -0.423157 -0.219222 2.1
v -0.452578 -0.200541 2.1
v -0.479644 -0.172464 2.1
v -0.500908 -0.136752 2.1
v -0.51525 -0.091191 2.1
v 0.116383 -0.094154 2.09
v 0.052549 -0.094154 2.09
v 0.052549 -0.283179 2.09
v -0.014524 -0.283179 2.09
v -0.014524 0.216821 2.09
v 0.126863 0.216821 2.09
v 0.296451 0.067145 2.09
v 0.296239 0.075947 2.09
v 0.290378 0.115822 2.09
v 0.279349 0.143877 2.09
v 0.261361 0.168924 2.09
v 0.243085 0.185078 2.09
v 0.213684 0.201583 2.09
v 0.175588 0.212726 2.09
v 0.153074 -0.092476 2.09
v 0.192835 -0.082705 2.09
v 0.229598 -0.06349 2.09
v 0.259416 -0.036993 2.09
v 0.279789 -0.007124 2.09
v 0.291628 0.025046 2.09
v 0.052549 0.161943 2.09
v 0.11724 0.161943 2.09
v 0.129291 0.161641 2.09
v 0.166186 0.15588 2.09
v 0.188771 0.146463 2.09
v 0.200898 0.138048 2.09
v 0.21213 0.125947 2.09
v 0.22113 0.110141 2.09
v 0.227238 0.089894 2.09
v 0.229378 0.064573 2.09
v 0.229334 0.062447 2.09
v 0.225696 0.032243 2.09
v 0.218521 0.012709 2.09
v 0.206929 -0.004662 2.09
v 0.190853 -0.018985 2.09
v 0.171023 -0.029501 2.09
v 0.144969 -0.036568 2.09
v 0.111143 -0.039276 2.09
v 0.052549 -0.039276 2.09
v 0.11724 0.161943 2.1
v 0.052549 0.161943 2.1
v 0.129291 0.161641 2.1
v 0.166186 0.15588 2.1
v 0.188771 0.146463 2.1
v 0.200898 0.138048 2.1
v 0.21213 0.125947 2.1
v 0.22113 0.110141 2.1
v 0.227238 0.089894 2.1
v 0.229378 0.064573 2.1
v 0.229334 0.062447 2.1
v 0.225696 0.032243 2.1
v 0.218521 0.012709 2.1
v 0.206929 -0.004662 2.1
v 0.190853 -0.018985 2.1
v 0.171023 -0.029501 2.1
v 0.144969 -0.036568 2.1
v 0.111143 -0.039276 2.1
v 0.052549 -0.039276 2.1
v 0.558646 -0.063667 2.09
v 0.558646 -0.112447 2.09
v 0.369622 -0.112447 2.09
v 0.369622 -0.063667 2.09
v 0.881817 0.084104 2.09
v 0.878671 0.055177 2.09
v 0.868851 0.027866 2.09
v 0.849842 3.98E-4 2.09
v 0.779778 -0.058522 2.09
v 0.78559 0.168041 2.09
v 0.814469 0.1653 2.09
v 0.837982 0.157431 2.09
v 0.853441 0.147682 2.09
v 0.865018 0.136354 2.09
v 0.873862 0.122357 2.09
v 0.879575 0.105771 2.09
v 0.662305 0.107256 2.09
v 0.679252 0.123522 2.09
v 0.713849 0.147891 2.09
v 0.74809 0.162502 2.09
v 0.662305 0.168422 2.09
v 0.791688 0.222919 2.09
v 0.769731 0.221923 2.09
v 0.730274 0.213585 2.09
v 0.696442 0.197056 2.09
v 0.834156 0.21892 2.09
v 0.867824 0.208173 2.09
v 0.89811 0.189382 2.09
v 0.918309 0.168609 2.09
v 0.931895 0.145409 2.09
v 0.940113 0.118781 2.09
v 0.942793 0.088963 2.09
v 0.831036 -0.08901 2.09
v 0.856067 -0.070657 2.09
v 0.903784 -0.02536 2.09
v 0.923883 0.0048 2.09
v 0.937874 0.043009 2.09
v 0.709561 -0.228301 2.09
v 0.711837 -0.204765 2.09
v 0.717879 -0.186898 2.09
v 0.7289 -0.169931 2.09
v 0.752994 -0.146136 2.09
v 0.954988 -0.228301 2.09
v 0.954988 -0.283179 2.09
v 0.644012 -0.283179 2.09
v 0.644012 -0.258407 2.09
v 0.774347 -0.062339 2.09
v 0.721928 -0.10198 2.09
v 0.680974 -0.142766 2.09
v 0.660706 -0.174326 2.09
v 0.648311 -0.211244 2.09
v 1.225186 0.216821 2.09
v 1.290354 0.216821 2.09
v 1.290354 -0.112447 2.09
v 1.363524 -0.112447 2.09
v 1.363524 -0.167325 2.09
v 1.290354 -0.167325 2.09
v 1.290354 -0.283179 2.09
v 1.229378 -0.283179 2.09
v 1.229378 -0.167325 2.09
v 0.997671 -0.167325 2.09
v 0.997671 -0.115305 2.09
v 1.134608 0.064242 2.09
v 1.229378 0.125072 2.09
v 1.229378 -0.112447 2.09
v 1.154205 0.00274 2.09
v 1.06846 -0.112447 2.09
v 1.06846 -0.112447 2.1
v 1.154205 0.00274 2.1
v 1.229378 0.125072 2.1
v 1.229378 -0.112447 2.1
v -0.597823 0.189176 0.11
v -0.734408 -0.160824 0.11
newmtl 3
Ka 1.0 1.0 1.0
Kd 1.0 1.0 1.0
Ks 0.8784313725490196 0.8784313725490196 0.8784313725490196
d 0.0
endmtl
v -0.683189 -0.160824 0.11
v -0.647775 -0.062653 0.11
v -0.503187 -0.062653 0.11
v -0.469774 -0.160824 0.11
v -0.418555 -0.160824 0.11
v -0.550872 0.189176 0.11
v -0.514991 -0.024239 0.11
v -0.632036 -0.024239 0.11
v -0.567211 0.121951 0.11
v -0.57058 0.134089 0.11
v -0.572813 0.146493 0.11
v -0.573947 0.146493 0.11
v -0.576231 0.134127 0.11
v -0.579349 0.121951 0.11
v -0.514991 -0.024239 0.1
v -0.632036 -0.024239 0.1
v -0.567211 0.121951 0.1
v -0.57058 0.134089 0.1
v -0.572813 0.146493 0.1
v -0.573947 0.146493 0.1
v -0.576231 0.134127 0.1
v -0.579349 0.121951 0.1
v -0.206407 -0.160824 0.11
v -0.111238 -0.160824 0.11
v -0.111238 0.189176 0.11
v -0.210009 0.189176 0.11
v -0.392945 0.018578 0.11
v -0.390401 0.051511 0.11
v -0.381001 0.085995 0.11
v -0.364735 0.116096 0.11
v -0.339985 0.14354 0.11
v -0.339619 0.143862 0.11
v -0.301524 0.169391 0.11
v -0.260574 0.183771 0.11
v -0.249713 -0.157044 0.11
v -0.290043 -0.145023 0.11
v -0.326588 -0.123786 0.11
v -0.355396 -0.096202 0.11
v -0.375468 -0.064897 0.11
v -0.388033 -0.028262 0.11
v -0.322691 0.101681 0.11
v -0.30569 0.119732 0.11
v -0.280124 0.136248 0.11
v -0.251234 0.146358 0.11
v -0.209808 0.150762 0.11
v -0.158189 0.150762 0.11
v -0.158189 -0.122409 0.11
v -0.207874 -0.122409 0.11
v -0.2448 -0.118972 0.11
v -0.274253 -0.109779 0.11
v -0.298122 -0.095605 0.11
v -0.317753 -0.076215 0.11
v -0.332515 -0.052084 0.11
v -0.34278 -0.019184 0.11
v -0.345994 0.017577 0.11
v -0.34302 0.052411 0.11
v -0.33485 0.080094 0.11
v -0.209808 0.150762 0.1
v -0.158189 0.150762 0.1
v -0.251234 0.146358 0.1
v -0.280124 0.136248 0.1
v -0.30569 0.119732 0.1
v -0.322691 0.101681 0.1
v -0.33485 0.080094 0.1
v -0.34302 0.052411 0.1
v -0.345994 0.017577 0.1
v -0.34278 -0.019184 0.1
v -0.332515 -0.052084 0.1
v -0.317753 -0.076215 0.1
v -0.298122 -0.095605 0.1
v -0.274253 -0.109779 0.1
v -0.2448 -0.118972 0.1
v -0.207874 -0.122409 0.1
v -0.158189 -0.122409 0.1
v -0.042945 -0.122409 0.11
v -0.042945 -0.160824 0.11
v 0.14486 -0.160824 0.11
v 0.14486 0.189176 0.11
v -0.034408 0.189176 0.11
v -0.034408 0.150762 0.11
v 0.097909 0.150762 0.11
v 0.097909 0.035518 0.11
v -0.025872 0.035518 0.11
v -0.025872 -0.002897 0.11
v 0.097909 -0.002897 0.11
v 0.097909 -0.122409 0.11
v 0.213153 -0.104269 0.11
v 0.213153 -0.142684 0.11
v 0.250461 -0.158002 0.11
v 0.309456 -0.165092 0.11
v 0.299886 -0.164928 0.11
v 0.473519 0.007574 0.11
v 0.470134 -0.032961 0.11
v 0.4596 -0.070008 0.11
v 0.440955 -0.103288 0.11
v 0.414665 -0.130965 0.11
v 0.386512 -0.148943 0.11
v 0.352589 -0.16062 0.11
v 0.295517 0.193444 0.11
v 0.330671 0.190575 0.11
v 0.36969 0.179239 0.11
v 0.402934 0.160103 0.11
v 0.434533 0.129714 0.11
v 0.455047 0.096991 0.11
v 0.468484 0.057333 0.11
v 0.213153 0.179572 0.11
v 0.253618 0.190553 0.11
v 0.213153 0.132621 0.11
v 0.295117 0.15503 0.11
v 0.252577 0.149503 0.11
v 0.426567 0.010441 0.11
v 0.424898 0.037673 0.11
v 0.415568 0.075142 0.11
v 0.401139 0.102165 0.11
v 0.380003 0.125499 0.11
v 0.355778 0.141705 0.11
v 0.329581 0.151159 0.11
v 0.302987 -0.126678 0.11
v 0.335632 -0.123016 0.11
v 0.361135 -0.113627 0.11
v 0.382615 -0.099149 0.11
v 0.399039 -0.081822 0.11
v 0.413515 -0.057553 0.11
v 0.423023 -0.027448 0.11
v 0.219425 -0.107744 0.11
v 0.256528 -0.121521 0.11
v 0.503397 -0.122409 0.11
v 0.503397 -0.160824 0.11
v 0.682665 -0.160824 0.11
v 0.682665 0.189176 0.11
v 0.635714 0.189176 0.11
v 0.635714 -0.122409 0.11
v -1.410496 3.210496 2.09
v -1.419014 3.275201 2.09
newmtl 4
Ka 0.8509803921568627 0.8509803921568627 0.8509803921568627
Kd 0.8509803921568627 0.8509803921568627 0.8509803921568627
Ks 0.2549019607843137 0.2549019607843137 0.2549019607843137
d 0.0
endmtl
v -1.443989 3.335496 2.09
v -1.483719 3.387272 2.09
v -1.535496 3.427002 2.09
v -1.595791 3.451977 2.09
v -1.660496 3.460496 2.09
v -1.7252 3.451977 2.09
v -1.785496 3.427002 2.09
v -1.837272 3.387272 2.09
v -1.877002 3.335496 2.09
v -1.901977 3.275201 2.09
v -1.910496 3.210496 2.09
v -1.901977 3.145791 2.09
v -1.877002 3.085496 2.09
v -1.837272 3.033719 2.09
v -1.785496 2.993989 2.09
v -1.7252 2.969014 2.09
v -1.660496 2.960496 2.09
v -1.595791 2.969014 2.09
v -1.535496 2.993989 2.09
v -1.483719 3.033719 2.09
v -1.443989 3.085496 2.09
v -1.419014 3.145791 2.09
v -1.660496 3.210496 2.09
v -3.849751 3.725 -0.1
v -3.849751 3.425 -0.1
v -3.849751 3.725 0.1
newmtl 5
Ka 0.8509803921568627 0.8509803921568627 0.8509803921568627
Kd 0.8509803921568627 0.8509803921568627 0.8509803921568627
Ks 0.4235294117647059 0.4235294117647059 0.4235294117647059
d 0.0
endmtl
v -3.849751 3.425 0.1
v -2.692028 3.725 0.995588
v -2.692028 3.425 0.995588
v -2.73219 3.725 0.982444
v -2.73219 3.425 0.982444
v -2.768694 3.725 0.961155
v -2.768694 3.425 0.961155
v -2.799911 3.725 0.932671
v -2.799911 3.425 0.932671
v -2.824445 3.725 0.898264
v -2.824445 3.425 0.898264
v -2.73405 3.425 1.191123
v -2.814358 3.425 1.164786
v -2.88734 3.425 1.122162
v -2.949737 3.425 1.065155
v -2.998764 3.425 0.996311
v -2.998764 3.725 0.996311
v -2.949737 3.725 1.065155
v -2.88734 3.725 1.122162
v -2.814358 3.725 1.164786
v -2.73405 3.725 1.191123
v -3.271117 3.725 0.104124
v -3.271117 3.425 0.104124
v -3.445435 3.425 0.202171
v -3.445435 3.725 0.202171
v -3.619626 3.425 -0.1
v -3.619626 3.725 -0.1
v -3.535587 3.725 -0.091019
v -3.535587 3.425 -0.091019
v -3.455312 3.725 -0.064581
v -3.455312 3.425 -0.064581
v -3.382383 3.725 -0.021866
v -3.382383 3.425 -0.021866
v -3.320057 3.725 0.035218
v -3.320057 3.425 0.035218
v -3.619626 3.425 0.1
v -3.577609 3.425 0.104517
v -3.53748 3.425 0.117761
v -3.501029 3.425 0.139141
v -3.469884 3.425 0.167703
v -3.469884 3.725 0.167703
v -3.501029 3.725 0.139141
v -3.53748 3.725 0.117761
v -3.577609 3.725 0.104517
v -3.619626 3.725 0.1
v -3.849751 3.075 -0.1
v -3.849751 2.775 -0.1
v -3.849751 3.075 0.1
v -3.849751 2.775 0.1
v -2.692028 3.075 0.995588
v -2.692028 2.775 0.995588
v -2.73219 3.075 0.982444
v -2.73219 2.775 0.982444
v -2.768694 3.075 0.961155
v -2.768694 2.775 0.961155
v -2.799911 3.075 0.932671
v -2.799911 2.775 0.932671
v -2.824445 3.075 0.898264
v -2.824445 2.775 0.898264
v -2.73405 2.775 1.191123
v -2.814358 2.775 1.164786
v -2.88734 2.775 1.122162
v -2.949737 2.775 1.065155
v -2.998764 2.775 0.996311
v -2.998764 3.075 0.996311
v -2.949737 3.075 1.065155
v -2.88734 3.075 1.122162
v -2.814358 3.075 1.164786
v -2.73405 3.075 1.191123
v -3.271117 3.075 0.104124
v -3.271117 2.775 0.104124
v -3.445435 2.775 0.202171
v -3.445435 3.075 0.202171
v -3.619626 2.775 -0.1
v -3.619626 3.075 -0.1
v -3.535587 3.075 -0.091019
v -3.535587 2.775 -0.091019
v -3.455312 3.075 -0.064581
v -3.455312 2.775 -0.064581
v -3.382383 3.075 -0.021866
v -3.382383 2.775 -0.021866
v -3.320057 3.075 0.035218
v -3.320057 2.775 0.035218
v -3.619626 2.775 0.1
v -3.577609 2.775 0.104517
v -3.53748 2.775 0.117761
v -3.501029 2.775 0.139141
v -3.469884 2.775 0.167703
v -3.469884 3.075 0.167703
v -3.501029 3.075 0.139141
v -3.53748 3.075 0.117761
v -3.577609 3.075 0.104517
v -3.619626 3.075 0.1
v -3.849751 2.425 -0.1
v -3.849751 2.125 -0.1
v -3.849751 2.425 0.1
v -3.849751 2.125 0.1
v -2.692028 2.425 0.995588
v -2.692028 2.125 0.995588
v -2.73219 2.425 0.982444
v -2.73219 2.125 0.982444
v -2.768694 2.425 0.961155
v -2.768694 2.125 0.961155
v -2.799911 2.425 0.932671
v -2.799911 2.125 0.932671
v -2.824445 2.425 0.898264
v -2.824445 2.125 0.898264
v -2.73405 2.125 1.191123
v -2.814358 2.125 1.164786
v -2.88734 2.125 1.122162
v -2.949737 2.125 1.065155
v -2.998764 2.125 0.996311
v -2.998764 2.425 0.996311
v -2.949737 2.425 1.065155
v -2.88734 2.425 1.122162
v -2.814358 2.425 1.164786
v -2.73405 2.425 1.191123
v -3.271117 2.425 0.104124
v -3.271117 2.125 0.104124
v -3.445435 2.125 0.202171
v -3.445435 2.425 0.202171
v -3.619626 2.125 -0.1
v -3.619626 2.425 -0.1
v -3.535587 2.425 -0.091019
v -3.535587 2.125 -0.091019
v -3.455312 2.425 -0.064581
v -3.455312 2.125 -0.064581
v -3.382383 2.425 -0.021866
v -3.382383 2.125 -0.021866
v -3.320057 2.425 0.035218
v -3.320057 2.125 0.035218
v -3.619626 2.125 0.1
v -3.577609 2.125 0.104517
v -3.53748 2.125 0.117761
v -3.501029 2.125 0.139141
v -3.469884 2.125 0.167703
v -3.469884 2.425 0.167703
v -3.501029 2.425 0.139141
v -3.53748 2.425 0.117761
v -3.577609 2.425 0.104517
v -3.619626 2.425 0.1
v -3.849751 1.775 -0.1
v -3.849751 1.475 -0.1
v -3.849751 1.775 0.1
v -3.849751 1.475 0.1
v -2.692028 1.775 0.995588
v -2.692028 1.475 0.995588
v -2.73219 1.775 0.982444
v -2.73219 1.475 0.982444
v -2.768694 1.775 0.961155
v -2.768694 1.475 0.961155
v -2.799911 1.775 0.932671
v -2.799911 1.475 0.932671
v -2.824445 1.775 0.898264
v -2.824445 1.475 0.898264
v -2.73405 1.475 1.191123
v -2.814358 1.475 1.164786
v -2.88734 1.475 1.122162
v -2.949737 1.475 1.065155
v -2.998764 1.475 0.996311
v -2.998764 1.775 0.996311
v -2.949737 1.775 1.065155
v -2.88734 1.775 1.122162
v -2.814358 1.775 1.164786
v -2.73405 1.775 1.191123
v -3.271117 1.775 0.104124
v -3.271117 1.475 0.104124
v -3.445435 1.475 0.202171
v -3.445435 1.775 0.202171
v -3.619626 1.475 -0.1
v -3.619626 1.775 -0.1
v -3.535587 1.775 -0.091019
v -3.535587 1.475 -0.091019
v -3.455312 1.775 -0.064581
v -3.455312 1.475 -0.064581
v -3.382383 1.775 -0.021866
v -3.382383 1.475 -0.021866
v -3.320057 1.775 0.035218
v -3.320057 1.475 0.035218
v -3.619626 1.475 0.1
v -3.577609 1.475 0.104517
v -3.53748 1.475 0.117761
v -3.501029 1.475 0.139141
v -3.469884 1.475 0.167703
v -3.469884 1.775 0.167703
v -3.501029 1.775 0.139141
v -3.53748 1.775 0.117761
v -3.577609 1.775 0.104517
v -3.619626 1.775 0.1
v -3.849751 1.125 -0.1
v -3.849751 0.825 -0.1
v -3.849751 1.125 0.1
v -3.849751 0.825 0.1
v -2.692028 1.125 0.995588
v -2.692028 0.825 0.995588
v -2.73219 1.125 0.982444
v -2.73219 0.825 0.982444
v -2.768694 1.125 0.961155
v -2.768694 0.825 0.961155
v -2.799911 1.125 0.932671
v -2.799911 0.825 0.932671
v -2.824445 1.125 0.898264
v -2.824445 0.825 0.898264
v -2.73405 0.825 1.191123
v -2.814358 0.825 1.164786
v -2.88734 0.825 1.122162
v -2.949737 0.825 1.065155
v -2.998764 0.825 0.996311
v -2.998764 1.125 0.996311
v -2.949737 1.125 1.065155
v -2.88734 1.125 1.122162
v -2.814358 1.125 1.164786
v -2.73405 1.125 1.191123
v -3.271117 1.125 0.104124
v -3.271117 0.825 0.104124
v -3.445435 0.825 0.202171
v -3.445435 1.125 0.202171
v -3.619626 0.825 -0.1
v -3.619626 1.125 -0.1
v -3.535587 1.125 -0.091019
v -3.535587 0.825 -0.091019
v -3.455312 1.125 -0.064581
v -3.455312 0.825 -0.064581
v -3.382383 1.125 -0.021866
v -3.382383 0.825 -0.021866
v -3.320057 1.125 0.035218
v -3.320057 0.825 0.035218
v -3.619626 0.825 0.1
v -3.577609 0.825 0.104517
v -3.53748 0.825 0.117761
v -3.501029 0.825 0.139141
v -3.469884 0.825 0.167703
v -3.469884 1.125 0.167703
v -3.501029 1.125 0.139141
v -3.53748 1.125 0.117761
v -3.577609 1.125 0.104517
v -3.619626 1.125 0.1
v -3.849751 0.475 -0.1
v -3.849751 0.175 -0.1
v -3.849751 0.475 0.1
v -3.849751 0.175 0.1
v -2.692028 0.475 0.995588
v -2.692028 0.175 0.995588
v -2.73219 0.475 0.982444
v -2.73219 0.175 0.982444
v -2.768694 0.475 0.961155
v -2.768694 0.175 0.961155
v -2.799911 0.475 0.932671
v -2.799911 0.175 0.932671
v -2.824445 0.475 0.898264
v -2.824445 0.175 0.898264
v -2.73405 0.175 1.191123
v -2.814358 0.175 1.164786
v -2.88734 0.175 1.122162
v -2.949737 0.175 1.065155
v -2.998764 0.175 0.996311
v -2.998764 0.475 0.996311
v -2.949737 0.475 1.065155
v -2.88734 0.475 1.122162
v -2.814358 0.475 1.164786
v -2.73405 0.475 1.191123
v -3.271117 0.475 0.104124
v -3.271117 0.175 0.104124
v -3.445435 0.175 0.202171
v -3.445435 0.475 0.202171
v -3.619626 0.175 -0.1
v -3.619626 0.475 -0.1
v -3.535587 0.475 -0.091019
v -3.535587 0.175 -0.091019
v -3.455312 0.475 -0.064581
v -3.455312 0.175 -0.064581
v -3.382383 0.475 -0.021866
v -3.382383 0.175 -0.021866
v -3.320057 0.475 0.035218
v -3.320057 0.175 0.035218
v -3.619626 0.175 0.1
v -3.577609 0.175 0.104517
v -3.53748 0.175 0.117761
v -3.501029 0.175 0.139141
v -3.469884 0.175 0.167703
v -3.469884 0.475 0.167703
v -3.501029 0.475 0.139141
v -3.53748 0.475 0.117761
v -3.577609 0.475 0.104517
v -3.619626 0.475 0.1
v -3.849751 -0.175 -0.1
v -3.849751 -0.475 -0.1
v -3.849751 -0.175 0.1
v -3.849751 -0.475 0.1
v -2.692028 -0.175 0.995588
v -2.692028 -0.475 0.995588
v -2.73219 -0.175 0.982444
v -2.73219 -0.475 0.982444
v -2.768694 -0.175 0.961155
v -2.768694 -0.475 0.961155
v -2.799911 -0.175 0.932671
v -2.799911 -0.475 0.932671
v -2.824445 -0.175 0.898264
v -2.824445 -0.475 0.898264
v -2.73405 -0.475 1.191123
v -2.814358 -0.475 1.164786
v -2.88734 -0.475 1.122162
v -2.949737 -0.475 1.065155
v -2.998764 -0.475 0.996311
v -2.998764 -0.175 0.996311
v -2.949737 -0.175 1.065155
v -2.88734 -0.175 1.122162
v -2.814358 -0.175 1.164786
v -2.73405 -0.175 1.191123
v -3.271117 -0.175 0.104124
v -3.271117 -0.475 0.104124
v -3.445435 -0.475 0.202171
v -3.445435 -0.175 0.202171
v -3.619626 -0.475 -0.1
v -3.619626 -0.175 -0.1
v -3.535587 -0.175 -0.091019
v -3.535587 -0.475 -0.091019
v -3.455312 -0.175 -0.064581
v -3.455312 -0.475 -0.064581
v -3.382383 -0.175 -0.021866
v -3.382383 -0.475 -0.021866
v -3.320057 -0.175 0.035218
v -3.320057 -0.475 0.035218
v -3.619626 -0.475 0.1
v -3.577609 -0.475 0.104517
v -3.53748 -0.475 0.117761
v -3.501029 -0.475 0.139141
v -3.469884 -0.475 0.167703
v -3.469884 -0.175 0.167703
v -3.501029 -0.175 0.139141
v -3.53748 -0.175 0.117761
v -3.577609 -0.175 0.104517
v -3.619626 -0.175 0.1
v -3.849751 -0.825 -0.1
v -3.849751 -1.125 -0.1
v -3.849751 -0.825 0.1
v -3.849751 -1.125 0.1
v -2.692028 -0.825 0.995588
v -2.692028 -1.125 0.995588
v -2.73219 -0.825 0.982444
v -2.73219 -1.125 0.982444
v -2.768694 -0.825 0.961155
v -2.768694 -1.125 0.961155
v -2.799911 -0.825 0.932671
v -2.799911 -1.125 0.932671
v -2.824445 -0.825 0.898264
v -2.824445 -1.125 0.898264
v -2.73405 -1.125 1.191123
v -2.814358 -1.125 1.164786
v -2.88734 -1.125 1.122162
v -2.949737 -1.125 1.065155
v -2.998764 -1.125 0.996311
v -2.998764 -0.825 0.996311
v -2.949737 -0.825 1.065155
v -2.88734 -0.825 1.122162
v -2.814358 -0.825 1.164786
v -2.73405 -0.825 1.191123
v -3.271117 -0.825 0.104124
v -3.271117 -1.125 0.104124
v -3.445435 -1.125 0.202171
v -3.445435 -0.825 0.202171
v -3.619626 -1.125 -0.1
v -3.619626 -0.825 -0.1
v -3.535587 -0.825 -0.091019
v -3.535587 -1.125 -0.091019
v -3.455312 -0.825 -0.064581
v -3.455312 -1.125 -0.064581
v -3.382383 -0.825 -0.021866
v -3.382383 -1.125 -0.021866
v -3.320057 -0.825 0.035218
v -3.320057 -1.125 0.035218
v -3.619626 -1.125 0.1
v -3.577609 -1.125 0.104517
v -3.53748 -1.125 0.117761
v -3.501029 -1.125 0.139141
v -3.469884 -1.125 0.167703
v -3.469884 -0.825 0.167703
v -3.501029 -0.825 0.139141
v -3.53748 -0.825 0.117761
v -3.577609 -0.825 0.104517
v -3.619626 -0.825 0.1
v -3.849751 -1.475 -0.1
v -3.849751 -1.775 -0.1
v -3.849751 -1.475 0.1
v -3.849751 -1.775 0.1
v -2.692028 -1.475 0.995588
v -2.692028 -1.775 0.995588
v -2.73219 -1.475 0.982444
v -2.73219 -1.775 0.982444
v -2.768694 -1.475 0.961155
v -2.768694 -1.775 0.961155
v -2.799911 -1.475 0.932671
v -2.799911 -1.775 0.932671
v -2.824445 -1.475 0.898264
v -2.824445 -1.775 0.898264
v -2.73405 -1.775 1.191123
v -2.814358 -1.775 1.164786
v -2.88734 -1.775 1.122162
v -2.949737 -1.775 1.065155
v -2.998764 -1.775 0.996311
v -2.998764 -1.475 0.996311
v -2.949737 -1.475 1.065155
v -2.88734 -1.475 1.122162
v -2.814358 -1.475 1.164786
v -2.73405 -1.475 1.191123
v -3.271117 -1.475 0.104124
v -3.271117 -1.775 0.104124
v -3.445435 -1.775 0.202171
v -3.445435 -1.475 0.202171
v -3.619626 -1.775 -0.1
v -3.619626 -1.475 -0.1
v -3.535587 -1.475 -0.091019
v -3.535587 -1.775 -0.091019
v -3.455312 -1.475 -0.064581
v -3.455312 -1.775 -0.064581
v -3.382383 -1.475 -0.021866
v -3.382383 -1.775 -0.021866
v -3.320057 -1.475 0.035218
v -3.320057 -1.775 0.035218
v -3.619626 -1.775 0.1
v -3.577609 -1.775 0.104517
v -3.53748 -1.775 0.117761
v -3.501029 -1.775 0.139141
v -3.469884 -1.775 0.167703
v -3.469884 -1.475 0.167703
v -3.501029 -1.475 0.139141
v -3.53748 -1.475 0.117761
v -3.577609 -1.475 0.104517
v -3.619626 -1.475 0.1
v -3.849751 -2.125 -0.1
v -3.849751 -2.425 -0.1
v -3.849751 -2.125 0.1
v -3.849751 -2.425 0.1
v -2.692028 -2.125 0.995588
v -2.692028 -2.425 0.995588
v -2.73219 -2.125 0.982444
v -2.73219 -2.425 0.982444
v -2.768694 -2.125 0.961155
v -2.768694 -2.425 0.961155
v -2.799911 -2.125 0.932671
v -2.799911 -2.425 0.932671
v -2.824445 -2.125 0.898264
v -2.824445 -2.425 0.898264
v -2.73405 -2.425 1.191123
v -2.814358 -2.425 1.164786
v -2.88734 -2.425 1.122162
v -2.949737 -2.425 1.065155
v -2.998764 -2.425 0.996311
v -2.998764 -2.125 0.996311
v -2.949737 -2.125 1.065155
v -2.88734 -2.125 1.122162
v -2.814358 -2.125 1.164786
v -2.73405 -2.125 1.191123
v -3.271117 -2.125 0.104124
v -3.271117 -2.425 0.104124
v -3.445435 -2.425 0.202171
v -3.445435 -2.125 0.202171
v -3.619626 -2.425 -0.1
v -3.619626 -2.125 -0.1
v -3.535587 -2.125 -0.091019
v -3.535587 -2.425 -0.091019
v -3.455312 -2.125 -0.064581
v -3.455312 -2.425 -0.064581
v -3.382383 -2.125 -0.021866
v -3.382383 -2.425 -0.021866
v -3.320057 -2.125 0.035218
v -3.320057 -2.425 0.035218
v -3.619626 -2.425 0.1
v -3.577609 -2.425 0.104517
v -3.53748 -2.425 0.117761
v -3.501029 -2.425 0.139141
v -3.469884 -2.425 0.167703
v -3.469884 -2.125 0.167703
v -3.501029 -2.125 0.139141
v -3.53748 -2.125 0.117761
v -3.577609 -2.125 0.104517
v -3.619626 -2.125 0.1
v -3.849751 -2.775 -0.1
v -3.849751 -3.075 -0.1
v -3.849751 -2.775 0.1
v -3.849751 -3.075 0.1
v -2.692028 -2.775 0.995588
v -2.692028 -3.075 0.995588
v -2.73219 -2.775 0.982444
v -2.73219 -3.075 0.982444
v -2.768694 -2.775 0.961155
v -2.768694 -3.075 0.961155
v -2.799911 -2.775 0.932671
v -2.799911 -3.075 0.932671
v -2.824445 -2.775 0.898264
v -2.824445 -3.075 0.898264
v -2.73405 -3.075 1.191123
v -2.814358 -3.075 1.164786
v -2.88734 -3.075 1.122162
v -2.949737 -3.075 1.065155
v -2.998764 -3.075 0.996311
v -2.998764 -2.775 0.996311
v -2.949737 -2.775 1.065155
v -2.88734 -2.775 1.122162
v -2.814358 -2.775 1.164786
v -2.73405 -2.775 1.191123
v -3.271117 -2.775 0.104124
v -3.271117 -3.075 0.104124
v -3.445435 -3.075 0.202171
v -3.445435 -2.775 0.202171
v -3.619626 -3.075 -0.1
v -3.619626 -2.775 -0.1
v -3.535587 -2.775 -0.091019
v -3.535587 -3.075 -0.091019
v -3.455312 -2.775 -0.064581
v -3.455312 -3.075 -0.064581
v -3.382383 -2.775 -0.021866
v -3.382383 -3.075 -0.021866
v -3.320057 -2.775 0.035218
v -3.320057 -3.075 0.035218
v -3.619626 -3.075 0.1
v -3.577609 -3.075 0.104517
v -3.53748 -3.075 0.117761
v -3.501029 -3.075 0.139141
v -3.469884 -3.075 0.167703
v -3.469884 -2.775 0.167703
v -3.501029 -2.775 0.139141
v -3.53748 -2.775 0.117761
v -3.577609 -2.775 0.104517
v -3.619626 -2.775 0.1
v -3.849751 -3.425 -0.1
v -3.849751 -3.725 -0.1
v -3.849751 -3.425 0.1
v -3.849751 -3.725 0.1
v -2.692028 -3.425 0.995588
v -2.692028 -3.725 0.995588
v -2.73219 -3.425 0.982444
v -2.73219 -3.725 0.982444
v -2.768694 -3.425 0.961155
v -2.768694 -3.725 0.961155
v -2.799911 -3.425 0.932671
v -2.799911 -3.725 0.932671
v -2.824445 -3.425 0.898264
v -2.824445 -3.725 0.898264
v -2.73405 -3.725 1.191123
v -2.814358 -3.725 1.164786
v -2.88734 -3.725 1.122162
v -2.949737 -3.725 1.065155
v -2.998764 -3.725 0.996311
v -2.998764 -3.425 0.996311
v -2.949737 -3.425 1.065155
v -2.88734 -3.425 1.122162
v -2.814358 -3.425 1.164786
v -2.73405 -3.425 1.191123
v -3.271117 -3.425 0.104124
v -3.271117 -3.725 0.104124
v -3.445435 -3.725 0.202171
v -3.445435 -3.425 0.202171
v -3.619626 -3.725 -0.1
v -3.619626 -3.425 -0.1
v -3.535587 -3.425 -0.091019
v -3.535587 -3.725 -0.091019
v -3.455312 -3.425 -0.064581
v -3.455312 -3.725 -0.064581
v -3.382383 -3.425 -0.021866
v -3.382383 -3.725 -0.021866
v -3.320057 -3.425 0.035218
v -3.320057 -3.725 0.035218
v -3.619626 -3.725 0.1
v -3.577609 -3.725 0.104517
v -3.53748 -3.725 0.117761
v -3.501029 -3.725 0.139141
v -3.469884 -3.725 0.167703
v -3.469884 -3.425 0.167703
v -3.501029 -3.425 0.139141
v -3.53748 -3.425 0.117761
v -3.577609 -3.425 0.104517
v -3.619626 -3.425 0.1
v 3.849751 3.425 -0.1
v 3.849751 3.725 -0.1
v 3.849751 3.425 0.1
v 3.849751 3.725 0.1
v 2.998764 3.425 0.996311
v 2.998764 3.725 0.996311
v 2.949737 3.725 1.065155
v 2.949737 3.425 1.065155
v 2.88734 3.725 1.122162
v 2.88734 3.425 1.122162
v 2.814358 3.725 1.164786
v 2.814358 3.425 1.164786
v 2.73405 3.725 1.191123
v 2.73405 3.425 1.191123
v 2.824445 3.425 0.898264
v 2.799911 3.425 0.932671
v 2.768694 3.425 0.961155
v 2.73219 3.425 0.982444
v 2.692028 3.425 0.995588
v 2.692028 3.725 0.995588
v 2.73219 3.725 0.982444
v 2.768694 3.725 0.961155
v 2.799911 3.725 0.932671
v 2.824445 3.725 0.898264
v 3.445435 3.725 0.202171
v 3.445435 3.425 0.202171
v 3.271117 3.425 0.104124
v 3.271117 3.725 0.104124
v 3.469884 3.725 0.167703
v 3.469884 3.425 0.167703
v 3.501029 3.725 0.139141
v 3.501029 3.425 0.139141
v 3.53748 3.725 0.117761
v 3.53748 3.425 0.117761
v 3.577609 3.725 0.104517
v 3.577609 3.425 0.104517
v 3.619626 3.725 0.1
v 3.619626 3.425 0.1
v 3.320057 3.425 0.035218
v 3.382383 3.425 -0.021866
v 3.455312 3.425 -0.064581
v 3.535587 3.425 -0.091019
v 3.619626 3.425 -0.1
v 3.619626 3.725 -0.1
v 3.535587 3.725 -0.091019
v 3.455312 3.725 -0.064581
v 3.382383 3.725 -0.021866
v 3.320057 3.725 0.035218
v 3.849751 2.775 -0.1
v 3.849751 3.075 -0.1
v 3.849751 2.775 0.1
v 3.849751 3.075 0.1
v 2.998764 2.775 0.996311
v 2.998764 3.075 0.996311
v 2.949737 3.075 1.065155
v 2.949737 2.775 1.065155
v 2.88734 3.075 1.122162
v 2.88734 2.775 1.122162
v 2.814358 3.075 1.164786
v 2.814358 2.775 1.164786
v 2.73405 3.075 1.191123
v 2.73405 2.775 1.191123
v 2.824445 2.775 0.898264
v 2.799911 2.775 0.932671
v 2.768694 2.775 0.961155
v 2.73219 2.775 0.982444
v 2.692028 2.775 0.995588
v 2.692028 3.075 0.995588
v 2.73219 3.075 0.982444
v 2.768694 3.075 0.961155
v 2.799911 3.075 0.932671
v 2.824445 3.075 0.898264
v 3.445435 3.075 0.202171
v 3.445435 2.775 0.202171
v 3.271117 2.775 0.104124
v 3.271117 3.075 0.104124
v 3.469884 3.075 0.167703
v 3.469884 2.775 0.167703
v 3.501029 3.075 0.139141
v 3.501029 2.775 0.139141
v 3.53748 3.075 0.117761
v 3.53748 2.775 0.117761
v 3.577609 3.075 0.104517
v 3.577609 2.775 0.104517
v 3.619626 3.075 0.1
v 3.619626 2.775 0.1
v 3.320057 2.775 0.035218
v 3.382383 2.775 -0.021866
v 3.455312 2.775 -0.064581
v 3.535587 2.775 -0.091019
v 3.619626 2.775 -0.1
v 3.619626 3.075 -0.1
v 3.535587 3.075 -0.091019
v 3.455312 3.075 -0.064581
v 3.382383 3.075 -0.021866
v 3.320057 3.075 0.035218
v 3.849751 2.125 -0.1
v 3.849751 2.425 -0.1
v 3.849751 2.125 0.1
v 3.849751 2.425 0.1
v 2.998764 2.125 0.996311
v 2.998764 2.425 0.996311
v 2.949737 2.425 1.065155
v 2.949737 2.125 1.065155
v 2.88734 2.425 1.122162
v 2.88734 2.125 1.122162
v 2.814358 2.425 1.164786
v 2.814358 2.125 1.164786
v 2.73405 2.425 1.191123
v 2.73405 2.125 1.191123
v 2.824445 2.125 0.898264
v 2.799911 2.125 0.932671
v 2.768694 2.125 0.961155
v 2.73219 2.125 0.982444
v 2.692028 2.125 0.995588
v 2.692028 2.425 0.995588
v 2.73219 2.425 0.982444
v 2.768694 2.425 0.961155
v 2.799911 2.425 0.932671
v 2.824445 2.425 0.898264
v 3.445435 2.425 0.202171
v 3.445435 2.125 0.202171
v 3.271117 2.125 0.104124
v 3.271117 2.425 0.104124
v 3.469884 2.425 0.167703
v 3.469884 2.125 0.167703
v 3.501029 2.425 0.139141
v 3.501029 2.125 0.139141
v 3.53748 2.425 0.117761
v 3.53748 2.125 0.117761
v 3.577609 2.425 0.104517
v 3.577609 2.125 0.104517
v 3.619626 2.425 0.1
v 3.619626 2.125 0.1
v 3.320057 2.125 0.035218
v 3.382383 2.125 -0.021866
v 3.455312 2.125 -0.064581
v 3.535587 2.125 -0.091019
v 3.619626 2.125 -0.1
v 3.619626 2.425 -0.1
v 3.535587 2.425 -0.091019
v 3.455312 2.425 -0.064581
v 3.382383 2.425 -0.021866
v 3.320057 2.425 0.035218
v 3.849751 1.475 -0.1
v 3.849751 1.775 -0.1
v 3.849751 1.475 0.1
v 3.849751 1.775 0.1
v 2.998764 1.475 0.996311
v 2.998764 1.775 0.996311
v 2.949737 1.775 1.065155
v 2.949737 1.475 1.065155
v 2.88734 1.775 1.122162
v 2.88734 1.475 1.122162
v 2.814358 1.775 1.164786
v 2.814358 1.475 1.164786
v 2.73405 1.775 1.191123
v 2.73405 1.475 1.191123
v 2.824445 1.475 0.898264
v 2.799911 1.475 0.932671
v 2.768694 1.475 0.961155
v 2.73219 1.475 0.982444
v 2.692028 1.475 0.995588
v 2.692028 1.775 0.995588
v 2.73219 1.775 0.982444
v 2.768694 1.775 0.961155
v 2.799911 1.775 0.932671
v 2.824445 1.775 0.898264
v 3.445435 1.775 0.202171
v 3.445435 1.475 0.202171
v 3.271117 1.475 0.104124
v 3.271117 1.775 0.104124
v 3.469884 1.775 0.167703
v 3.469884 1.475 0.167703
v 3.501029 1.775 0.139141
v 3.501029 1.475 0.139141
v 3.53748 1.775 0.117761
v 3.53748 1.475 0.117761
v 3.577609 1.775 0.104517
v 3.577609 1.475 0.104517
v 3.619626 1.775 0.1
v 3.619626 1.475 0.1
v 3.320057 1.475 0.035218
v 3.382383 1.475 -0.021866
v 3.455312 1.475 -0.064581
v 3.535587 1.475 -0.091019
v 3.619626 1.475 -0.1
v 3.619626 1.775 -0.1
v 3.535587 1.775 -0.091019
v 3.455312 1.775 -0.064581
v 3.382383 1.775 -0.021866
v 3.320057 1.775 0.035218
v 3.849751 0.825 -0.1
v 3.849751 1.125 -0.1
v 3.849751 0.825 0.1
v 3.849751 1.125 0.1
v 2.998764 0.825 0.996311
v 2.998764 1.125 0.996311
v 2.949737 1.125 1.065155
v 2.949737 0.825 1.065155
v 2.88734 1.125 1.122162
v 2.88734 0.825 1.122162
v 2.814358 1.125 1.164786
v 2.814358 0.825 1.164786
v 2.73405 1.125 1.191123
v 2.73405 0.825 1.191123
v 2.824445 0.825 0.898264
v 2.799911 0.825 0.932671
v 2.768694 0.825 0.961155
v 2.73219 0.825 0.982444
v 2.692028 0.825 0.995588
v 2.692028 1.125 0.995588
v 2.73219 1.125 0.982444
v 2.768694 1.125 0.961155
v 2.799911 1.125 0.932671
v 2.824445 1.125 0.898264
v 3.445435 1.125 0.202171
v 3.445435 0.825 0.202171
v 3.271117 0.825 0.104124
v 3.271117 1.125 0.104124
v 3.469884 1.125 0.167703
v 3.469884 0.825 0.167703
v 3.501029 1.125 0.139141
v 3.501029 0.825 0.139141
v 3.53748 1.125 0.117761
v 3.53748 0.825 0.117761
v 3.577609 1.125 0.104517
v 3.577609 0.825 0.104517
v 3.619626 1.125 0.1
v 3.619626 0.825 0.1
v 3.320057 0.825 0.035218
v 3.382383 0.825 -0.021866
v 3.455312 0.825 -0.064581
v 3.535587 0.825 -0.091019
v 3.619626 0.825 -0.1
v 3.619626 1.125 -0.1
v 3.535587 1.125 -0.091019
v 3.455312 1.125 -0.064581
v 3.382383 1.125 -0.021866
v 3.320057 1.125 0.035218
v 3.849751 0.175 -0.1
v 3.849751 0.475 -0.1
v 3.849751 0.175 0.1
v 3.849751 0.475 0.1
v 2.998764 0.175 0.996311
v 2.998764 0.475 0.996311
v 2.949737 0.475 1.065155
v 2.949737 0.175 1.065155
v 2.88734 0.475 1.122162
v 2.88734 0.175 1.122162
v 2.814358 0.475 1.164786
v 2.814358 0.175 1.164786
v 2.73405 0.475 1.191123
v 2.73405 0.175 1.191123
v 2.824445 0.175 0.898264
v 2.799911 0.175 0.932671
v 2.768694 0.175 0.961155
v 2.73219 0.175 0.982444
v 2.692028 0.175 0.995588
v 2.692028 0.475 0.995588
v 2.73219 0.475 0.982444
v 2.768694 0.475 0.961155
v 2.799911 0.475 0.932671
v 2.824445 0.475 0.898264
v 3.445435 0.475 0.202171
v 3.445435 0.175 0.202171
v 3.271117 0.175 0.104124
v 3.271117 0.475 0.104124
v 3.469884 0.475 0.167703
v 3.469884 0.175 0.167703
v 3.501029 0.475 0.139141
v 3.501029 0.175 0.139141
v 3.53748 0.475 0.117761
v 3.53748 0.175 0.117761
v 3.577609 0.475 0.104517
v 3.577609 0.175 0.104517
v 3.619626 0.475 0.1
v 3.619626 0.175 0.1
v 3.320057 0.175 0.035218
v 3.382383 0.175 -0.021866
v 3.455312 0.175 -0.064581
v 3.535587 0.175 -0.091019
v 3.619626 0.175 -0.1
v 3.619626 0.475 -0.1
v 3.535587 0.475 -0.091019
v 3.455312 0.475 -0.064581
v 3.382383 0.475 -0.021866
v 3.320057 0.475 0.035218
v 3.849751 -0.475 -0.1
v 3.849751 -0.175 -0.1
v 3.849751 -0.475 0.1
v 3.849751 -0.175 0.1
v 2.998764 -0.475 0.996311
v 2.998764 -0.175 0.996311
v 2.949737 -0.175 1.065155
v 2.949737 -0.475 1.065155
v 2.88734 -0.175 1.122162
v 2.88734 -0.475 1.122162
v 2.814358 -0.175 1.164786
v 2.814358 -0.475 1.164786
v 2.73405 -0.175 1.191123
v 2.73405 -0.475 1.191123
v 2.824445 -0.475 0.898264
v 2.799911 -0.475 0.932671
v 2.768694 -0.475 0.961155
v 2.73219 -0.475 0.982444
v 2.692028 -0.475 0.995588
v 2.692028 -0.175 0.995588
v 2.73219 -0.175 0.982444
v 2.768694 -0.175 0.961155
v 2.799911 -0.175 0.932671
v 2.824445 -0.175 0.898264
v 3.445435 -0.175 0.202171
v 3.445435 -0.475 0.202171
v 3.271117 -0.475 0.104124
v 3.271117 -0.175 0.104124
v 3.469884 -0.175 0.167703
v 3.469884 -0.475 0.167703
v 3.501029 -0.175 0.139141
v 3.501029 -0.475 0.139141
v 3.53748 -0.175 0.117761
v 3.53748 -0.475 0.117761
v 3.577609 -0.175 0.104517
v 3.577609 -0.475 0.104517
v 3.619626 -0.175 0.1
v 3.619626 -0.475 0.1
v 3.320057 -0.475 0.035218
v 3.382383 -0.475 -0.021866
v 3.455312 -0.475 -0.064581
v 3.535587 -0.475 -0.091019
v 3.619626 -0.475 -0.1
v 3.619626 -0.175 -0.1
v 3.535587 -0.175 -0.091019
v 3.455312 -0.175 -0.064581
v 3.382383 -0.175 -0.021866
v 3.320057 -0.175 0.035218
v 3.849751 -1.125 -0.1
v 3.849751 -0.825 -0.1
v 3.849751 -1.125 0.1
v 3.849751 -0.825 0.1
v 2.998764 -1.125 0.996311
v 2.998764 -0.825 0.996311
v 2.949737 -0.825 1.065155
v 2.949737 -1.125 1.065155
v 2.88734 -0.825 1.122162
v 2.88734 -1.125 1.122162
v 2.814358 -0.825 1.164786
v 2.814358 -1.125 1.164786
v 2.73405 -0.825 1.191123
v 2.73405 -1.125 1.191123
v 2.824445 -1.125 0.898264
v 2.799911 -1.125 0.932671
v 2.768694 -1.125 0.961155
v 2.73219 -1.125 0.982444
v 2.692028 -1.125 0.995588
v 2.692028 -0.825 0.995588
v 2.73219 -0.825 0.982444
v 2.768694 -0.825 0.961155
v 2.799911 -0.825 0.932671
v 2.824445 -0.825 0.898264
v 3.445435 -0.825 0.202171
v 3.445435 -1.125 0.202171
v 3.271117 -1.125 0.104124
v 3.271117 -0.825 0.104124
v 3.469884 -0.825 0.167703
v 3.469884 -1.125 0.167703
v 3.501029 -0.825 0.139141
v 3.501029 -1.125 0.139141
v 3.53748 -0.825 0.117761
v 3.53748 -1.125 0.117761
v 3.577609 -0.825 0.104517
v 3.577609 -1.125 0.104517
v 3.619626 -0.825 0.1
v 3.619626 -1.125 0.1
v 3.320057 -1.125 0.035218
v 3.382383 -1.125 -0.021866
v 3.455312 -1.125 -0.064581
v 3.535587 -1.125 -0.091019
v 3.619626 -1.125 -0.1
v 3.619626 -0.825 -0.1
v 3.535587 -0.825 -0.091019
v 3.455312 -0.825 -0.064581
v 3.382383 -0.825 -0.021866
v 3.320057 -0.825 0.035218
v 3.849751 -1.775 -0.1
v 3.849751 -1.475 -0.1
v 3.849751 -1.775 0.1
v 3.849751 -1.475 0.1
v 2.998764 -1.775 0.996311
v 2.998764 -1.475 0.996311
v 2.949737 -1.475 1.065155
v 2.949737 -1.775 1.065155
v 2.88734 -1.475 1.122162
v 2.88734 -1.775 1.122162
v 2.814358 -1.475 1.164786
v 2.814358 -1.775 1.164786
v 2.73405 -1.475 1.191123
v 2.73405 -1.775 1.191123
v 2.824445 -1.775 0.898264
v 2.799911 -1.775 0.932671
v 2.768694 -1.775 0.961155
v 2.73219 -1.775 0.982444
v 2.692028 -1.775 0.995588
v 2.692028 -1.475 0.995588
v 2.73219 -1.475 0.982444
v 2.768694 -1.475 0.961155
v 2.799911 -1.475 0.932671
v 2.824445 -1.475 0.898264
v 3.445435 -1.475 0.202171
v 3.445435 -1.775 0.202171
v 3.271117 -1.775 0.104124
v 3.271117 -1.475 0.104124
v 3.469884 -1.475 0.167703
v 3.469884 -1.775 0.167703
v 3.501029 -1.475 0.139141
v 3.501029 -1.775 0.139141
v 3.53748 -1.475 0.117761
v 3.53748 -1.775 0.117761
v 3.577609 -1.475 0.104517
v 3.577609 -1.775 0.104517
v 3.619626 -1.475 0.1
v 3.619626 -1.775 0.1
v 3.320057 -1.775 0.035218
v 3.382383 -1.775 -0.021866
v 3.455312 -1.775 -0.064581
v 3.535587 -1.775 -0.091019
v 3.619626 -1.775 -0.1
v 3.619626 -1.475 -0.1
v 3.535587 -1.475 -0.091019
v 3.455312 -1.475 -0.064581
v 3.382383 -1.475 -0.021866
v 3.320057 -1.475 0.035218
v 3.849751 -2.425 -0.1
v 3.849751 -2.125 -0.1
v 3.849751 -2.425 0.1
v 3.849751 -2.125 0.1
v 2.998764 -2.425 0.996311
v 2.998764 -2.125 0.996311
v 2.949737 -2.125 1.065155
v 2.949737 -2.425 1.065155
v 2.88734 -2.125 1.122162
v 2.88734 -2.425 1.122162
v 2.814358 -2.125 1.164786
v 2.814358 -2.425 1.164786
v 2.73405 -2.125 1.191123
v 2.73405 -2.425 1.191123
v 2.824445 -2.425 0.898264
v 2.799911 -2.425 0.932671
v 2.768694 -2.425 0.961155
v 2.73219 -2.425 0.982444
v 2.692028 -2.425 0.995588
v 2.692028 -2.125 0.995588
v 2.73219 -2.125 0.982444
v 2.768694 -2.125 0.961155
v 2.799911 -2.125 0.932671
v 2.824445 -2.125 0.898264
v 3.445435 -2.125 0.202171
v 3.445435 -2.425 0.202171
v 3.271117 -2.425 0.104124
v 3.271117 -2.125 0.104124
v 3.469884 -2.125 0.167703
v 3.469884 -2.425 0.167703
v 3.501029 -2.125 0.139141
v 3.501029 -2.425 0.139141
v 3.53748 -2.125 0.117761
v 3.53748 -2.425 0.117761
v 3.577609 -2.125 0.104517
v 3.577609 -2.425 0.104517
v 3.619626 -2.125 0.1
v 3.619626 -2.425 0.1
v 3.320057 -2.425 0.035218
v 3.382383 -2.425 -0.021866
v 3.455312 -2.425 -0.064581
v 3.535587 -2.425 -0.091019
v 3.619626 -2.425 -0.1
v 3.619626 -2.125 -0.1
v 3.535587 -2.125 -0.091019
v 3.455312 -2.125 -0.064581
v 3.382383 -2.125 -0.021866
v 3.320057 -2.125 0.035218
v 3.849751 -3.075 -0.1
v 3.849751 -2.775 -0.1
v 3.849751 -3.075 0.1
v 3.849751 -2.775 0.1
v 2.998764 -3.075 0.996311
v 2.998764 -2.775 0.996311
v 2.949737 -2.775 1.065155
v 2.949737 -3.075 1.065155
v 2.88734 -2.775 1.122162
v 2.88734 -3.075 1.122162
v 2.814358 -2.775 1.164786
v 2.814358 -3.075 1.164786
v 2.73405 -2.775 1.191123
v 2.73405 -3.075 1.191123
v 2.824445 -3.075 0.898264
v 2.799911 -3.075 0.932671
v 2.768694 -3.075 0.961155
v 2.73219 -3.075 0.982444
v 2.692028 -3.075 0.995588
v 2.692028 -2.775 0.995588
v 2.73219 -2.775 0.982444
v 2.768694 -2.775 0.961155
v 2.799911 -2.775 0.932671
v 2.824445 -2.775 0.898264
v 3.445435 -2.775 0.202171
v 3.445435 -3.075 0.202171
v 3.271117 -3.075 0.104124
v 3.271117 -2.775 0.104124
v 3.469884 -2.775 0.167703
v 3.469884 -3.075 0.167703
v 3.501029 -2.775 0.139141
v 3.501029 -3.075 0.139141
v 3.53748 -2.775 0.117761
v 3.53748 -3.075 0.117761
v 3.577609 -2.775 0.104517
v 3.577609 -3.075 0.104517
v 3.619626 -2.775 0.1
v 3.619626 -3.075 0.1
v 3.320057 -3.075 0.035218
v 3.382383 -3.075 -0.021866
v 3.455312 -3.075 -0.064581
v 3.535587 -3.075 -0.091019
v 3.619626 -3.075 -0.1
v 3.619626 -2.775 -0.1
v 3.535587 -2.775 -0.091019
v 3.455312 -2.775 -0.064581
v 3.382383 -2.775 -0.021866
v 3.320057 -2.775 0.035218
v 3.849751 -3.725 -0.1
v 3.849751 -3.425 -0.1
v 3.849751 -3.725 0.1
v 3.849751 -3.425 0.1
v 2.998764 -3.725 0.996311
v 2.998764 -3.425 0.996311
v 2.949737 -3.425 1.065155
v 2.949737 -3.725 1.065155
v 2.88734 -3.425 1.122162
v 2.88734 -3.725 1.122162
v 2.814358 -3.425 1.164786
v 2.814358 -3.725 1.164786
v 2.73405 -3.425 1.191123
v 2.73405 -3.725 1.191123
v 2.824445 -3.725 0.898264
v 2.799911 -3.725 0.932671
v 2.768694 -3.725 0.961155
v 2.73219 -3.725 0.982444
v 2.692028 -3.725 0.995588
v 2.692028 -3.425 0.995588
v 2.73219 -3.425 0.982444
v 2.768694 -3.425 0.961155
v 2.799911 -3.425 0.932671
v 2.824445 -3.425 0.898264
v 3.445435 -3.425 0.202171
v 3.445435 -3.725 0.202171
v 3.271117 -3.725 0.104124
v 3.271117 -3.425 0.104124
v 3.469884 -3.425 0.167703
v 3.469884 -3.725 0.167703
v 3.501029 -3.425 0.139141
v 3.501029 -3.725 0.139141
v 3.53748 -3.425 0.117761
v 3.53748 -3.725 0.117761
v 3.577609 -3.425 0.104517
v 3.577609 -3.725 0.104517
v 3.619626 -3.425 0.1
v 3.619626 -3.725 0.1
v 3.320057 -3.725 0.035218
v 3.382383 -3.725 -0.021866
v 3.455312 -3.725 -0.064581
v 3.535587 -3.725 -0.091019
v 3.619626 -3.725 -0.1
v 3.619626 -3.425 -0.1
v 3.535587 -3.425 -0.091019
v 3.455312 -3.425 -0.064581
v 3.382383 -3.425 -0.021866
v 3.320057 -3.425 0.035218
usemtl 1
f 1// 2// 3//
f 3// 2// 4//
f 5// 6// 7//
f 7// 6// 8//
f 9// 10// 11//
f 11// 10// 12//
f 13// 14// 15//
f 15// 14// 16//
f 17// 18// 19//
f 19// 18// 20//
f 21// 22// 23//
f 23// 22// 24//
f 25// 26// 27//
f 27// 26// 28//
f 29// 30// 31//
f 31// 30// 32//
f 33// 34// 35//
f 35// 34// 36//
f 37// 38// 39//
f 39// 38// 40//
f 41// 42// 43//
f 43// 42// 44//
f 45// 46// 47//
f 47// 46// 48//
f 49// 50// 51//
f 51// 50// 52//
f 53// 54// 55//
f 55// 54// 56//
f 57// 58// 59//
f 59// 58// 60//
f 61// 62// 63//
f 63// 62// 64//
f 65// 66// 67//
f 67// 66// 68//
f 69// 70// 71//
f 71// 70// 72//
f 73// 74// 75//
f 75// 74// 76//
f 77// 78// 79//
f 79// 78// 80//
f 81// 82// 83//
f 83// 82// 84//
f 85// 86// 87//
f 87// 86// 88//
f 89// 90// 91//
f 91// 90// 92//
f 93// 94// 95//
f 95// 94// 96//
f 97// 98// 99//
f 99// 98// 100//
f 99// 100// 101//
f 102// 103// 104//
f 105// 101// 106//
f 106// 101// 107//
f 108// 109// 110//
f 110// 109// 98//
f 110// 98// 111//
f 112// 113// 114//
f 114// 113// 115//
f 116// 117// 118//
f 118// 117// 119//
f 118// 119// 97//
f 97// 119// 120//
f 104// 111// 102//
f 102// 111// 98//
f 102// 98// 121//
f 121// 98// 97//
f 121// 97// 107//
f 122// 123// 124//
f 124// 123// 125//
f 124// 125// 126//
f 127// 128// 124//
f 124// 128// 129//
f 130// 131// 132//
f 132// 131// 133//
f 129// 134// 124//
f 124// 134// 133//
f 124// 133// 135//
f 135// 133// 131//
f 126// 136// 124//
f 124// 136// 137//
f 124// 137// 127//
f 138// 97// 139//
f 139// 97// 120//
f 139// 120// 140//
f 112// 141// 113//
f 113// 141// 142//
f 113// 142// 143//
f 143// 142// 144//
f 143// 144// 145//
f 144// 146// 145//
f 145// 146// 147//
f 145// 147// 120//
f 120// 147// 148//
f 120// 148// 140//
f 138// 149// 97//
f 97// 149// 150//
f 97// 150// 151//
f 151// 152// 97//
f 97// 152// 153//
f 97// 153// 107//
f 107// 153// 154//
f 107// 154// 106//
f 106// 154// 155//
f 106// 155// 124//
f 124// 155// 156//
f 124// 156// 122//
f 113// 117// 115//
f 115// 117// 116//
f 115// 116// 157//
f 157// 116// 158//
f 157// 158// 159//
f 159// 158// 160//
f 159// 160// 161//
f 162// 163// 160//
f 160// 163// 99//
f 160// 99// 161//
f 161// 99// 101//
f 161// 101// 164//
f 164// 101// 105//
f 165// 166// 167//
f 168// 99// 169//
f 169// 99// 163//
f 169// 163// 170//
f 170// 163// 171//
f 170// 171// 172//
f 172// 171// 97//
f 167// 173// 165//
f 165// 173// 174//
f 165// 174// 175//
f 176// 177// 99//
f 99// 177// 178//
f 99// 178// 97//
f 97// 178// 179//
f 180// 181// 172//
f 172// 181// 182//
f 179// 183// 97//
f 97// 183// 184//
f 97// 184// 172//
f 172// 184// 185//
f 172// 185// 180//
f 175// 176// 165//
f 165// 176// 99//
f 165// 99// 186//
f 186// 99// 168//
f 186// 168// 187//
f 187// 168// 188//
f 182// 189// 172//
f 172// 189// 190//
f 172// 190// 165//
f 165// 190// 191//
f 165// 191// 166//
f 192// 193// 194//
f 195// 196// 197//
f 198// 199// 200//
f 198// 201// 202//
f 202// 201// 203//
f 202// 203// 204//
f 205// 206// 207//
f 205// 207// 208//
f 206// 209// 207//
f 207// 209// 210//
f 207// 210// 211//
f 204// 212// 202//
f 202// 212// 213//
f 202// 213// 214//
f 214// 215// 202//
f 202// 215// 216//
f 202// 216// 207//
f 207// 216// 217//
f 207// 217// 208//
f 218// 219// 198//
f 198// 219// 220//
f 198// 220// 201//
f 221// 222// 223//
f 223// 222// 224//
f 223// 224// 225//
f 226// 227// 228//
f 228// 227// 229//
f 230// 231// 223//
f 223// 231// 232//
f 223// 232// 221//
f 229// 233// 228//
f 228// 233// 234//
f 228// 234// 235//
f 226// 228// 236//
f 236// 228// 237//
f 236// 237// 238//
f 239// 240// 241//
f 242// 243// 244//
f 245// 246// 247//
f 248// 249// 244//
f 244// 249// 250//
f 245// 247// 251//
f 246// 252// 247//
f 247// 252// 253//
f 247// 253// 254//
f 254// 255// 247//
f 247// 255// 256//
f 247// 256// 257//
f 248// 244// 258//
f 258// 244// 259//
f 258// 259// 260//
f 260// 259// 261//
f 260// 261// 262//
f 263// 262// 264//
f 264// 262// 265//
f 263// 266// 262//
f 262// 266// 267//
f 262// 267// 260//
f 268// 269// 270//
f 262// 271// 265//
f 265// 271// 272//
f 265// 272// 270//
f 270// 272// 273//
f 270// 273// 268//
f 243// 242// 274//
f 274// 242// 275//
f 274// 275// 276//
f 276// 275// 277//
f 277// 275// 278//
f 277// 278// 279//
f 279// 278// 280//
f 279// 280// 281//
f 282// 283// 284//
f 284// 283// 285//
f 284// 285// 280//
f 286// 287// 285//
f 239// 241// 284//
f 284// 241// 288//
f 284// 288// 282//
f 289// 290// 280//
f 280// 290// 291//
f 287// 292// 285//
f 285// 292// 293//
f 285// 293// 280//
f 280// 293// 294//
f 280// 294// 289//
f 291// 295// 280//
f 280// 295// 296//
f 280// 296// 281//
f 286// 285// 297//
f 297// 285// 298//
f 297// 298// 299//
f 299// 298// 300//
f 299// 300// 301//
f 301// 300// 302//
f 301// 302// 303//
f 303// 304// 301//
f 301// 304// 305//
f 301// 305// 306//
f 306// 307// 301//
f 301// 307// 308//
f 301// 308// 309//
f 310// 311// 309//
f 309// 311// 312//
f 309// 312// 301//
f 313// 314// 315//
f 315// 314// 316//
f 223// 317// 318//
f 319// 320// 228//
f 235// 230// 228//
f 228// 230// 223//
f 228// 223// 321//
f 321// 223// 318//
f 322// 323// 321//
f 320// 324// 228//
f 228// 324// 325//
f 228// 325// 326//
f 315// 237// 313//
f 313// 237// 228//
f 313// 228// 327//
f 327// 228// 326//
f 323// 328// 321//
f 321// 328// 329//
f 321// 329// 228//
f 228// 329// 330//
f 228// 330// 319//
f 322// 321// 331//
f 331// 321// 332//
f 331// 332// 333//
f 333// 332// 334//
f 333// 334// 335//
f 336// 335// 337//
f 337// 335// 338//
f 336// 339// 335//
f 335// 339// 340//
f 335// 340// 333//
f 341// 342// 343//
f 335// 344// 338//
f 338// 344// 345//
f 338// 345// 343//
f 343// 345// 346//
f 343// 346// 341//
f 225// 219// 223//
f 223// 219// 218//
f 223// 218// 317//
f 317// 218// 347//
f 347// 218// 348//
f 348// 218// 275//
f 348// 275// 349//
f 349// 275// 242//
f 349// 242// 350//
f 351// 352// 247//
f 247// 352// 353//
f 247// 353// 354//
f 240// 239// 257//
f 257// 239// 315//
f 257// 315// 247//
f 247// 315// 316//
f 247// 316// 351//
f 355// 356// 354//
f 354// 356// 357//
f 242// 358// 359//
f 360// 361// 242//
f 242// 361// 362//
f 242// 362// 358//
f 357// 360// 354//
f 354// 360// 242//
f 354// 242// 247//
f 247// 242// 244//
f 247// 244// 251//
f 251// 244// 250//
f 359// 363// 242//
f 242// 363// 364//
f 242// 364// 350//
f 355// 354// 365//
f 365// 354// 366//
f 365// 366// 367//
f 367// 366// 368//
f 367// 368// 369//
f 369// 368// 370//
f 369// 370// 371//
f 371// 372// 369//
f 369// 372// 373//
f 369// 373// 374//
f 374// 375// 369//
f 369// 375// 376//
f 369// 376// 377//
f 378// 379// 377//
f 377// 379// 380//
f 377// 380// 369//
f 381// 382// 383//
f 384// 385// 382//
f 382// 385// 386//
f 382// 386// 387//
f 388// 389// 383//
f 383// 389// 390//
f 383// 391// 381//
f 381// 391// 392//
f 381// 392// 393//
f 393// 392// 394//
f 394// 395// 393//
f 393// 395// 396//
f 393// 396// 194//
f 194// 396// 397//
f 194// 397// 398//
f 395// 399// 396//
f 396// 399// 400//
f 396// 400// 401//
f 401// 402// 396//
f 396// 402// 403//
f 396// 403// 404//
f 387// 405// 382//
f 382// 405// 406//
f 382// 406// 383//
f 383// 406// 407//
f 383// 407// 388//
f 390// 408// 383//
f 383// 408// 409//
f 383// 409// 410//
f 410// 411// 383//
f 383// 411// 412//
f 383// 412// 413//
f 414// 415// 416//
f 404// 403// 416//
f 416// 403// 417//
f 416// 417// 414//
f 415// 418// 416//
f 416// 418// 419//
f 416// 419// 420//
f 421// 422// 416//
f 416// 422// 423//
f 416// 423// 424//
f 420// 425// 416//
f 416// 425// 426//
f 416// 426// 421//
f 398// 427// 194//
f 194// 427// 428//
f 194// 428// 429//
f 430// 431// 432//
f 432// 431// 433//
f 432// 433// 382//
f 382// 433// 434//
f 382// 434// 384//
f 435// 436// 432//
f 432// 436// 429//
f 432// 429// 430//
f 430// 429// 428//
f 198// 200// 218//
f 218// 200// 437//
f 218// 437// 275//
f 275// 437// 438//
f 275// 438// 278//
f 439// 440// 441//
f 442// 443// 438//
f 438// 443// 444//
f 438// 444// 445//
f 446// 447// 278//
f 278// 447// 448//
f 278// 448// 449//
f 440// 450// 441//
f 441// 450// 451//
f 441// 451// 452//
f 445// 453// 438//
f 438// 453// 454//
f 438// 454// 278//
f 278// 454// 455//
f 278// 455// 446//
f 456// 457// 458//
f 457// 459// 458//
f 458// 459// 460//
f 458// 460// 438//
f 438// 460// 461//
f 438// 461// 442//
f 452// 462// 441//
f 441// 462// 463//
f 441// 463// 458//
f 458// 463// 464//
f 458// 464// 456//
f 465// 435// 466//
f 466// 435// 432//
f 466// 432// 467//
f 467// 432// 382//
f 468// 469// 381//
f 381// 469// 470//
f 381// 470// 471//
f 472// 469// 473//
f 473// 469// 468//
f 473// 468// 197//
f 197// 468// 467//
f 197// 467// 195//
f 195// 467// 382//
f 195// 382// 474//
f 471// 475// 381//
f 381// 475// 476//
f 381// 476// 382//
f 382// 476// 477//
f 382// 477// 474//
f 194// 193// 393//
f 393// 193// 478//
f 393// 478// 479//
f 478// 480// 479//
f 479// 480// 192//
f 479// 192// 481//
f 481// 192// 194//
f 481// 194// 482//
f 482// 194// 429//
f 482// 429// 483//
f 483// 429// 436//
f 484// 485// 486//
f 487// 488// 479//
f 479// 488// 489//
f 479// 489// 490//
f 491// 492// 481//
f 481// 493// 494//
f 491// 481// 495//
f 494// 496// 481//
f 481// 496// 497//
f 481// 497// 479//
f 479// 497// 498//
f 479// 498// 487//
f 483// 199// 482//
f 482// 199// 198//
f 482// 198// 481//
f 481// 198// 202//
f 481// 202// 495//
f 492// 499// 481//
f 481// 499// 500//
f 481// 500// 493//
f 484// 486// 501//
f 490// 501// 479//
f 479// 501// 486//
f 479// 486// 207//
f 207// 486// 502//
f 207// 502// 202//
f 202// 502// 503//
f 202// 503// 495//
f 238// 237// 211//
f 211// 237// 504//
f 211// 504// 207//
f 207// 504// 505//
f 207// 505// 479//
f 479// 505// 506//
f 479// 506// 393//
f 393// 506// 507//
f 393// 507// 381//
f 381// 507// 508//
f 381// 508// 468//
f 449// 439// 278//
f 278// 439// 441//
f 278// 441// 280//
f 280// 441// 509//
f 280// 509// 284//
f 284// 509// 510//
f 284// 510// 239//
f 239// 510// 511//
f 458// 512// 441//
f 441// 512// 513//
f 441// 513// 509//
f 509// 513// 514//
f 509// 514// 510//
f 510// 514// 515//
f 510// 515// 511//
f 511// 515// 516//
f 517// 518// 519//
f 519// 518// 520//
f 521// 522// 523//
f 523// 522// 524//
f 525// 526// 527//
f 527// 526// 528//
f 529// 530// 531//
f 531// 530// 532//
f 533// 534// 532//
f 532// 534// 535//
f 532// 535// 531//
f 531// 535// 536//
f 517// 537// 518//
f 518// 537// 538//
f 517// 46// 537//
f 537// 46// 45//
f 537// 45// 42//
f 42// 41// 537//
f 537// 41// 38//
f 537// 38// 37//
f 37// 34// 537//
f 537// 34// 33//
f 537// 33// 30//
f 30// 29// 537//
f 537// 29// 26//
f 537// 26// 539//
f 539// 26// 25//
f 539// 25// 22//
f 22// 21// 539//
f 539// 21// 18//
f 539// 18// 17//
f 17// 14// 539//
f 539// 14// 13//
f 539// 13// 10//
f 10// 9// 539//
f 539// 9// 6//
f 539// 6// 5//
f 5// 3// 539//
f 539// 3// 4//
f 539// 4// 540//
f 49// 541// 50//
f 50// 541// 542//
f 49// 55// 541//
f 541// 55// 56//
f 541// 56// 59//
f 59// 60// 541//
f 541// 60// 63//
f 541// 63// 64//
f 64// 67// 541//
f 541// 67// 68//
f 541// 68// 71//
f 71// 72// 541//
f 541// 72// 75//
f 541// 75// 543//
f 543// 75// 76//
f 543// 76// 79//
f 79// 80// 543//
f 543// 80// 83//
f 543// 83// 84//
f 84// 87// 543//
f 543// 87// 88//
f 543// 88// 91//
f 91// 92// 543//
f 543// 92// 95//
f 543// 95// 96//
f 96// 527// 543//
f 543// 527// 528//
f 543// 528// 544//
f 521// 545// 546//
f 521// 546// 522//
f 522// 546// 547//
f 522// 547// 548//
f 524// 549// 550//
f 524// 550// 523//
f 523// 550// 551//
f 523// 551// 552//
f 525// 553// 526//
f 526// 553// 554//
f 525// 94// 553//
f 553// 94// 93//
f 553// 93// 90//
f 90// 89// 553//
f 553// 89// 86//
f 553// 86// 85//
f 85// 82// 553//
f 553// 82// 81//
f 553// 81// 78//
f 78// 77// 553//
f 553// 77// 74//
f 553// 74// 555//
f 555// 74// 73//
f 555// 73// 70//
f 70// 69// 555//
f 555// 69// 66//
f 555// 66// 65//
f 65// 62// 555//
f 555// 62// 61//
f 555// 61// 58//
f 58// 57// 555//
f 555// 57// 54//
f 555// 54// 53//
f 53// 51// 555//
f 555// 51// 52//
f 555// 52// 556//
f 31// 32// 557//
f 557// 32// 35//
f 557// 35// 36//
f 36// 39// 557//
f 557// 39// 40//
f 557// 40// 43//
f 1// 558// 2//
f 2// 558// 559//
f 1// 7// 558//
f 558// 7// 8//
f 558// 8// 11//
f 43// 44// 557//
f 557// 44// 47//
f 557// 47// 48//
f 48// 519// 557//
f 557// 519// 520//
f 557// 520// 560//
f 11// 12// 558//
f 558// 12// 15//
f 558// 15// 16//
f 16// 19// 558//
f 558// 19// 20//
f 558// 20// 23//
f 23// 24// 558//
f 558// 24// 27//
f 558// 27// 557//
f 557// 27// 28//
f 557// 28// 31//
f 529// 561// 562//
f 529// 562// 530//
f 530// 562// 563//
f 530// 563// 564//
f 551// 550// 565//
f 565// 550// 566//
f 565// 566// 567//
f 567// 566// 568//
f 567// 568// 569//
f 569// 568// 570//
f 569// 570// 571//
f 571// 570// 572//
f 571// 572// 573//
f 573// 572// 574//
f 573// 574// 575//
f 575// 574// 576//
f 575// 576// 577//
f 577// 576// 578//
f 577// 578// 579//
f 579// 578// 580//
f 579// 580// 581//
f 581// 580// 582//
f 581// 582// 583//
f 583// 582// 584//
f 512// 458// 584//
f 584// 458// 438//
f 438// 437// 584//
f 584// 437// 200//
f 584// 200// 583//
f 583// 200// 199//
f 583// 199// 483//
f 483// 436// 583//
f 583// 436// 435//
f 583// 435// 465//
f 567// 569// 585//
f 571// 573// 586//
f 587// 588// 589//
f 465// 590// 591//
f 592// 590// 465//
f 589// 588// 465//
f 583// 465// 588//
f 593// 594// 595//
f 595// 594// 596//
f 595// 596// 597//
f 597// 596// 598//
f 598// 596// 599//
f 598// 599// 600//
f 600// 599// 601//
f 601// 599// 602//
f 601// 602// 603//
f 603// 602// 604//
f 604// 602// 605//
f 604// 605// 606//
f 606// 605// 607//
f 607// 605// 608//
f 607// 608// 609//
f 609// 608// 610//
f 609// 610// 557//
f 611// 592// 465//
f 575// 577// 587//
f 587// 577// 579//
f 587// 579// 588//
f 588// 579// 581//
f 588// 581// 583//
f 612// 591// 613//
f 613// 591// 590//
f 613// 590// 614//
f 614// 590// 592//
f 614// 592// 615//
f 573// 575// 586//
f 586// 575// 587//
f 586// 587// 616//
f 616// 587// 589//
f 616// 589// 617//
f 617// 589// 465//
f 611// 618// 592//
f 592// 618// 619//
f 592// 619// 615//
f 615// 619// 620//
f 615// 620// 621//
f 622// 612// 623//
f 623// 612// 613//
f 623// 613// 624//
f 624// 613// 614//
f 624// 614// 625//
f 625// 614// 615//
f 625// 615// 626//
f 626// 615// 621//
f 585// 622// 627//
f 627// 622// 623//
f 627// 623// 628//
f 628// 623// 624//
f 628// 624// 629//
f 629// 624// 625//
f 629// 625// 630//
f 630// 625// 626//
f 630// 626// 631//
f 569// 571// 585//
f 585// 571// 586//
f 585// 586// 622//
f 622// 586// 616//
f 622// 616// 612//
f 612// 616// 617//
f 612// 617// 591//
f 591// 617// 465//
f 593// 551// 594//
f 594// 551// 565//
f 594// 565// 567//
f 621// 632// 626//
f 626// 632// 633//
f 626// 633// 631//
f 631// 633// 634//
f 631// 634// 635//
f 567// 585// 594//
f 594// 585// 627//
f 594// 627// 596//
f 596// 627// 628//
f 596// 628// 599//
f 599// 628// 629//
f 599// 629// 602//
f 602// 629// 630//
f 602// 630// 605//
f 605// 630// 631//
f 605// 631// 608//
f 608// 631// 635//
f 608// 635// 610//
f 636// 637// 638//
f 639// 640// 641//
f 642// 643// 644//
f 512// 645// 646//
f 647// 645// 512//
f 644// 643// 512//
f 648// 512// 643//
f 649// 650// 651//
f 651// 650// 652//
f 651// 652// 653//
f 653// 652// 654//
f 654// 652// 655//
f 654// 655// 656//
f 656// 655// 657//
f 657// 655// 658//
f 657// 658// 659//
f 659// 658// 660//
f 660// 658// 661//
f 660// 661// 662//
f 662// 661// 663//
f 663// 661// 664//
f 663// 664// 665//
f 665// 664// 566//
f 665// 566// 550//
f 584// 647// 512//
f 666// 667// 642//
f 642// 667// 668//
f 642// 668// 643//
f 643// 668// 669//
f 643// 669// 648//
f 670// 646// 671//
f 671// 646// 645//
f 671// 645// 672//
f 672// 645// 647//
f 672// 647// 673//
f 640// 666// 641//
f 641// 666// 642//
f 641// 642// 674//
f 674// 642// 644//
f 674// 644// 675//
f 675// 644// 512//
f 584// 582// 647//
f 647// 582// 580//
f 647// 580// 673//
f 673// 580// 578//
f 673// 578// 576//
f 676// 670// 677//
f 677// 670// 671//
f 677// 671// 678//
f 678// 671// 672//
f 678// 672// 679//
f 679// 672// 673//
f 679// 673// 680//
f 680// 673// 576//
f 638// 676// 681//
f 681// 676// 677//
f 681// 677// 682//
f 682// 677// 678//
f 682// 678// 683//
f 683// 678// 679//
f 683// 679// 684//
f 684// 679// 680//
f 684// 680// 685//
f 637// 639// 638//
f 638// 639// 641//
f 638// 641// 676//
f 676// 641// 674//
f 676// 674// 670//
f 670// 674// 675//
f 670// 675// 646//
f 646// 675// 512//
f 649// 553// 650//
f 650// 553// 686//
f 650// 686// 636//
f 576// 574// 680//
f 680// 574// 572//
f 680// 572// 685//
f 685// 572// 570//
f 685// 570// 568//
f 636// 638// 650//
f 650// 638// 681//
f 650// 681// 652//
f 652// 681// 682//
f 652// 682// 655//
f 655// 682// 683//
f 655// 683// 658//
f 658// 683// 684//
f 658// 684// 661//
f 661// 684// 685//
f 661// 685// 664//
f 664// 685// 568//
f 664// 568// 566//
f 611// 687// 618//
f 618// 687// 688//
f 618// 688// 619//
f 619// 688// 689//
f 619// 689// 620//
f 620// 689// 690//
f 620// 690// 621//
f 621// 690// 691//
f 621// 691// 632//
f 632// 691// 692//
f 632// 692// 633//
f 633// 692// 693//
f 633// 693// 634//
f 634// 693// 694//
f 634// 694// 635//
f 635// 694// 695//
f 635// 695// 610//
f 610// 695// 696//
f 610// 696// 557//
f 557// 696// 558//
f 465// 466// 611//
f 611// 466// 467//
f 611// 467// 687//
f 687// 467// 468//
f 687// 468// 508//
f 552// 551// 697//
f 697// 551// 593//
f 697// 593// 698//
f 698// 593// 595//
f 698// 595// 699//
f 699// 595// 597//
f 699// 597// 700//
f 597// 598// 700//
f 700// 598// 600//
f 700// 600// 701//
f 557// 560// 609//
f 609// 560// 702//
f 609// 702// 607//
f 607// 702// 703//
f 607// 703// 606//
f 606// 703// 704//
f 606// 704// 604//
f 604// 704// 705//
f 604// 705// 603//
f 603// 705// 701//
f 603// 701// 601//
f 601// 701// 600//
f 706// 707// 663//
f 554// 553// 708//
f 708// 553// 649//
f 708// 649// 709//
f 654// 710// 653//
f 653// 710// 709//
f 653// 709// 651//
f 651// 709// 649//
f 663// 707// 662//
f 662// 707// 711//
f 662// 711// 660//
f 660// 711// 712//
f 660// 712// 659//
f 659// 712// 713//
f 659// 713// 657//
f 657// 713// 714//
f 657// 714// 656//
f 656// 714// 715//
f 656// 715// 654//
f 654// 715// 716//
f 654// 716// 710//
f 706// 663// 549//
f 549// 663// 665//
f 549// 665// 550//
f 717// 648// 718//
f 718// 648// 669//
f 718// 669// 719//
f 719// 669// 668//
f 719// 668// 720//
f 720// 668// 667//
f 720// 667// 721//
f 721// 667// 666//
f 721// 666// 722//
f 722// 666// 640//
f 722// 640// 723//
f 723// 640// 639//
f 723// 639// 724//
f 724// 639// 637//
f 724// 637// 725//
f 725// 637// 636//
f 725// 636// 726//
f 726// 636// 686//
f 726// 686// 555//
f 555// 686// 553//
f 516// 515// 717//
f 717// 515// 514//
f 717// 514// 648//
f 648// 514// 513//
f 648// 513// 512//
f 563// 562// 727//
f 727// 562// 728//
f 727// 728// 729//
f 729// 728// 730//
f 729// 730// 731//
f 731// 730// 732//
f 731// 732// 733//
f 733// 732// 734//
f 733// 734// 735//
f 735// 734// 736//
f 735// 736// 737//
f 737// 736// 738//
f 737// 738// 739//
f 739// 738// 740//
f 739// 740// 741//
f 741// 740// 742//
f 741// 742// 743//
f 743// 742// 744//
f 743// 744// 745//
f 745// 744// 746//
f 508// 507// 746//
f 746// 507// 506//
f 746// 506// 745//
f 745// 506// 505//
f 505// 504// 745//
f 745// 504// 237//
f 745// 237// 315//
f 315// 239// 745//
f 745// 239// 511//
f 745// 511// 516//
f 695// 694// 747//
f 693// 692// 748//
f 749// 750// 751//
f 508// 752// 753//
f 754// 752// 508//
f 751// 750// 508//
f 687// 508// 750//
f 755// 756// 757//
f 757// 756// 758//
f 757// 758// 759//
f 759// 758// 760//
f 760// 758// 761//
f 760// 761// 762//
f 762// 761// 763//
f 763// 761// 764//
f 763// 764// 765//
f 765// 764// 766//
f 766// 764// 767//
f 766// 767// 768//
f 768// 767// 769//
f 769// 767// 770//
f 769// 770// 771//
f 771// 770// 728//
f 771// 728// 562//
f 746// 754// 508//
f 691// 690// 749//
f 749// 690// 689//
f 749// 689// 750//
f 750// 689// 688//
f 750// 688// 687//
f 772// 753// 773//
f 773// 753// 752//
f 773// 752// 774//
f 774// 752// 754//
f 774// 754// 775//
f 692// 691// 748//
f 748// 691// 749//
f 748// 749// 776//
f 776// 749// 751//
f 776// 751// 777//
f 777// 751// 508//
f 746// 744// 754//
f 754// 744// 742//
f 754// 742// 775//
f 775// 742// 740//
f 775// 740// 738//
f 778// 772// 779//
f 779// 772// 773//
f 779// 773// 780//
f 780// 773// 774//
f 780// 774// 781//
f 781// 774// 775//
f 781// 775// 782//
f 782// 775// 738//
f 747// 778// 783//
f 783// 778// 779//
f 783// 779// 784//
f 784// 779// 780//
f 784// 780// 785//
f 785// 780// 781//
f 785// 781// 786//
f 786// 781// 782//
f 786// 782// 787//
f 694// 693// 747//
f 747// 693// 748//
f 747// 748// 778//
f 778// 748// 776//
f 778// 776// 772//
f 772// 776// 777//
f 772// 777// 753//
f 753// 777// 508//
f 755// 558// 756//
f 756// 558// 696//
f 756// 696// 695//
f 738// 736// 782//
f 782// 736// 734//
f 782// 734// 787//
f 787// 734// 732//
f 787// 732// 730//
f 695// 747// 756//
f 756// 747// 783//
f 756// 783// 758//
f 758// 783// 784//
f 758// 784// 761//
f 761// 784// 785//
f 761// 785// 764//
f 764// 785// 786//
f 764// 786// 767//
f 767// 786// 787//
f 767// 787// 770//
f 770// 787// 730//
f 770// 730// 728//
f 520// 518// 560//
f 560// 518// 538//
f 560// 538// 702//
f 702// 538// 788//
f 702// 788// 703//
f 703// 788// 789//
f 703// 789// 704//
f 704// 789// 790//
f 704// 790// 705//
f 705// 790// 791//
f 705// 791// 701//
f 701// 791// 792//
f 701// 792// 700//
f 700// 792// 793//
f 700// 793// 699//
f 699// 793// 794//
f 699// 794// 698//
f 698// 794// 795//
f 698// 795// 697//
f 697// 795// 796//
f 697// 796// 552//
f 552// 796// 545//
f 552// 545// 523//
f 523// 545// 521//
f 528// 526// 544//
f 544// 526// 554//
f 544// 554// 797//
f 797// 554// 708//
f 797// 708// 798//
f 798// 708// 709//
f 798// 709// 799//
f 799// 709// 710//
f 799// 710// 800//
f 800// 710// 716//
f 800// 716// 801//
f 801// 716// 715//
f 801// 715// 802//
f 802// 715// 714//
f 802// 714// 803//
f 803// 714// 713//
f 803// 713// 804//
f 804// 713// 712//
f 804// 712// 805//
f 805// 712// 711//
f 805// 711// 806//
f 806// 711// 707//
f 806// 707// 807//
f 807// 707// 706//
f 807// 706// 548//
f 548// 706// 549//
f 548// 549// 522//
f 522// 549// 524//
f 733// 735// 808//
f 809// 810// 811//
f 516// 812// 813//
f 814// 812// 516//
f 811// 810// 516//
f 745// 516// 810//
f 815// 816// 817//
f 816// 815// 818//
f 818// 815// 819//
f 818// 819// 820//
f 820// 819// 821//
f 820// 821// 822//
f 822// 821// 823//
f 822// 823// 824//
f 824// 823// 825//
f 825// 823// 826//
f 825// 826// 827//
f 827// 826// 828//
f 828// 826// 726//
f 828// 726// 555//
f 717// 814// 516//
f 737// 739// 809//
f 809// 739// 741//
f 809// 741// 810//
f 810// 741// 743//
f 810// 743// 745//
f 829// 813// 830//
f 830// 813// 812//
f 830// 812// 831//
f 831// 812// 814//
f 831// 814// 832//
f 717// 718// 814//
f 814// 718// 719//
f 814// 719// 832//
f 832// 719// 720//
f 832// 720// 721//
f 808// 829// 833//
f 833// 829// 830//
f 833// 830// 834//
f 834// 830// 831//
f 834// 831// 835//
f 835// 831// 832//
f 835// 832// 836//
f 836// 832// 721//
f 729// 731// 837//
f 837// 731// 733//
f 733// 808// 837//
f 837// 808// 833//
f 837// 833// 838//
f 838// 833// 834//
f 838// 834// 839//
f 839// 834// 835//
f 839// 835// 840//
f 840// 835// 836//
f 840// 836// 841//
f 735// 737// 808//
f 808// 737// 809//
f 808// 809// 829//
f 829// 809// 811//
f 829// 811// 813//
f 813// 811// 516//
f 729// 815// 727//
f 727// 815// 817//
f 727// 817// 563//
f 721// 722// 836//
f 836// 722// 723//
f 836// 723// 841//
f 841// 723// 724//
f 841// 724// 725//
f 729// 837// 815//
f 815// 837// 838//
f 815// 838// 819//
f 819// 838// 839//
f 819// 839// 821//
f 821// 839// 840//
f 821// 840// 823//
f 823// 840// 841//
f 823// 841// 826//
f 826// 841// 725//
f 826// 725// 726//
f 562// 561// 771//
f 771// 561// 842//
f 771// 842// 769//
f 769// 842// 843//
f 769// 843// 768//
f 768// 843// 844//
f 768// 844// 766//
f 766// 844// 845//
f 766// 845// 765//
f 765// 845// 846//
f 765// 846// 763//
f 763// 846// 847//
f 763// 847// 762//
f 762// 847// 848//
f 762// 848// 760//
f 760// 848// 849//
f 760// 849// 759//
f 759// 849// 850//
f 759// 850// 757//
f 757// 850// 851//
f 757// 851// 755//
f 755// 851// 852//
f 755// 852// 558//
f 558// 852// 559//
f 538// 537// 788//
f 788// 537// 853//
f 788// 853// 789//
f 789// 853// 854//
f 789// 854// 790//
f 790// 854// 855//
f 790// 855// 791//
f 855// 856// 791//
f 791// 856// 857//
f 791// 857// 792//
f 857// 858// 792//
f 792// 858// 859//
f 792// 859// 793//
f 793// 859// 860//
f 793// 860// 794//
f 794// 860// 861//
f 794// 861// 795//
f 795// 861// 862//
f 795// 862// 796//
f 796// 862// 545//
f 545// 862// 863//
f 545// 863// 546//
f 97// 171// 864//
f 547// 546// 865//
f 865// 546// 866//
f 865// 866// 867//
f 867// 866// 868//
f 867// 868// 869//
f 869// 868// 870//
f 869// 870// 871//
f 871// 870// 872//
f 871// 872// 873//
f 873// 872// 874//
f 873// 874// 875//
f 875// 874// 876//
f 875// 876// 877//
f 877// 876// 878//
f 877// 878// 879//
f 879// 878// 880//
f 879// 880// 881//
f 881// 880// 882//
f 881// 882// 864//
f 864// 882// 883//
f 864// 883// 97//
f 97// 883// 118//
f 548// 547// 807//
f 807// 547// 884//
f 807// 884// 806//
f 885// 804// 805//
f 806// 884// 805//
f 805// 884// 886//
f 805// 886// 885//
f 804// 885// 803//
f 803// 885// 887//
f 803// 887// 802//
f 802// 887// 888//
f 802// 888// 801//
f 801// 888// 889//
f 801// 889// 800//
f 800// 889// 890//
f 800// 890// 799//
f 799// 890// 891//
f 799// 891// 798//
f 798// 891// 892//
f 798// 892// 797//
f 797// 892// 543//
f 797// 543// 544//
f 893// 894// 817//
f 817// 894// 895//
f 817// 895// 563//
f 563// 895// 896//
f 563// 896// 564//
f 817// 816// 893//
f 893// 816// 818//
f 893// 818// 897//
f 897// 818// 820//
f 820// 822// 897//
f 897// 822// 824//
f 897// 824// 898//
f 898// 824// 825//
f 898// 825// 899//
f 899// 825// 827//
f 899// 827// 900//
f 900// 827// 828//
f 900// 828// 901//
f 901// 828// 555//
f 901// 555// 556//
f 4// 2// 540//
f 540// 2// 559//
f 540// 559// 902//
f 902// 559// 852//
f 902// 852// 903//
f 903// 852// 851//
f 903// 851// 904//
f 904// 851// 850//
f 904// 850// 905//
f 905// 850// 849//
f 905// 849// 906//
f 906// 849// 848//
f 906// 848// 907//
f 907// 848// 847//
f 907// 847// 908//
f 908// 847// 846//
f 908// 846// 909//
f 909// 846// 845//
f 909// 845// 910//
f 910// 845// 844//
f 910// 844// 911//
f 911// 844// 843//
f 911// 843// 912//
f 912// 843// 842//
f 912// 842// 536//
f 536// 842// 561//
f 536// 561// 531//
f 531// 561// 529//
f 913// 118// 914//
f 915// 916// 118//
f 880// 878// 917//
f 876// 874// 918//
f 919// 920// 921//
f 856// 855// 922//
f 854// 853// 923//
f 923// 853// 537//
f 924// 859// 858//
f 921// 861// 860//
f 861// 921// 862//
f 862// 921// 920//
f 862// 920// 863//
f 546// 863// 866//
f 866// 863// 920//
f 866// 920// 868//
f 868// 920// 919//
f 868// 919// 870//
f 870// 919// 872//
f 537// 925// 923//
f 923// 925// 926//
f 923// 926// 927//
f 874// 872// 918//
f 918// 872// 919//
f 918// 919// 928//
f 928// 919// 921//
f 928// 921// 924//
f 924// 921// 860//
f 924// 860// 859//
f 926// 929// 927//
f 927// 929// 930//
f 927// 930// 931//
f 878// 876// 917//
f 917// 876// 918//
f 917// 918// 932//
f 932// 918// 928//
f 932// 928// 933//
f 933// 928// 924//
f 933// 924// 934//
f 934// 924// 858//
f 934// 858// 857//
f 930// 935// 931//
f 931// 935// 936//
f 931// 936// 937//
f 934// 938// 933//
f 933// 938// 939//
f 933// 939// 932//
f 932// 939// 940//
f 932// 940// 917//
f 917// 940// 941//
f 917// 941// 880//
f 916// 915// 942//
f 855// 854// 922//
f 922// 854// 923//
f 922// 923// 943//
f 943// 923// 927//
f 943// 927// 944//
f 944// 927// 931//
f 944// 931// 945//
f 945// 931// 937//
f 945// 937// 946//
f 946// 937// 914//
f 946// 914// 118//
f 118// 883// 941//
f 941// 883// 882//
f 941// 882// 880//
f 938// 947// 939//
f 939// 947// 948//
f 939// 948// 940//
f 940// 948// 949//
f 940// 949// 941//
f 941// 949// 118//
f 947// 942// 948//
f 948// 942// 915//
f 948// 915// 949//
f 949// 915// 118//
f 936// 950// 937//
f 937// 950// 951//
f 937// 951// 914//
f 914// 951// 952//
f 914// 952// 913//
f 857// 856// 934//
f 934// 856// 922//
f 934// 922// 938//
f 938// 922// 943//
f 938// 943// 947//
f 947// 943// 944//
f 947// 944// 942//
f 942// 944// 945//
f 942// 945// 916//
f 916// 945// 946//
f 916// 946// 118//
f 864// 171// 953//
f 954// 955// 956//
f 957// 958// 959//
f 960// 961// 962//
f 884// 547// 865//
f 885// 886// 963//
f 963// 886// 884//
f 892// 891// 961//
f 961// 891// 890//
f 961// 890// 962//
f 962// 890// 889//
f 962// 889// 888//
f 543// 892// 964//
f 964// 892// 961//
f 964// 961// 965//
f 965// 961// 960//
f 965// 960// 966//
f 966// 960// 967//
f 884// 865// 963//
f 963// 865// 867//
f 963// 867// 968//
f 958// 967// 959//
f 959// 967// 960//
f 959// 960// 969//
f 969// 960// 962//
f 969// 962// 970//
f 970// 962// 888//
f 867// 869// 968//
f 968// 869// 871//
f 968// 871// 971//
f 955// 957// 956//
f 956// 957// 959//
f 956// 959// 972//
f 972// 959// 969//
f 972// 969// 973//
f 973// 969// 970//
f 871// 873// 971//
f 971// 873// 875//
f 971// 875// 974//
f 973// 975// 972//
f 972// 975// 976//
f 972// 976// 956//
f 956// 976// 977//
f 956// 977// 954//
f 887// 885// 978//
f 978// 885// 963//
f 978// 963// 979//
f 979// 963// 968//
f 979// 968// 980//
f 980// 968// 971//
f 980// 971// 981//
f 981// 971// 974//
f 981// 974// 982//
f 982// 974// 953//
f 982// 953// 171//
f 171// 983// 977//
f 977// 983// 984//
f 977// 984// 954//
f 975// 985// 976//
f 976// 985// 986//
f 976// 986// 977//
f 977// 986// 171//
f 985// 987// 986//
f 986// 987// 171//
f 875// 877// 974//
f 974// 877// 879//
f 974// 879// 953//
f 953// 879// 881//
f 953// 881// 864//
f 888// 887// 970//
f 970// 887// 978//
f 970// 978// 973//
f 973// 978// 979//
f 973// 979// 975//
f 975// 979// 980//
f 975// 980// 985//
f 985// 980// 981//
f 985// 981// 987//
f 987// 981// 982//
f 987// 982// 171//
f 532// 530// 533//
f 533// 530// 564//
f 533// 564// 988//
f 988// 564// 896//
f 988// 896// 989//
f 989// 896// 895//
f 989// 895// 990//
f 990// 895// 894//
f 990// 894// 991//
f 991// 894// 893//
f 991// 893// 992//
f 992// 893// 897//
f 992// 897// 993//
f 993// 897// 898//
f 993// 898// 994//
f 994// 898// 899//
f 994// 899// 995//
f 995// 899// 900//
f 995// 900// 996//
f 996// 900// 901//
f 996// 901// 542//
f 542// 901// 556//
f 542// 556// 50//
f 50// 556// 52//
f 902// 903// 997//
f 998// 912// 999//
f 999// 912// 536//
f 999// 536// 535//
f 997// 903// 1000//
f 1000// 903// 904//
f 1000// 904// 1001//
f 1001// 904// 905//
f 1001// 905// 1002//
f 1002// 905// 906//
f 1002// 906// 1003//
f 1003// 906// 907//
f 1003// 907// 1004//
f 1004// 907// 908//
f 1004// 908// 1005//
f 1005// 908// 909//
f 1005// 909// 1006//
f 1006// 909// 910//
f 1006// 910// 998//
f 998// 910// 911//
f 998// 911// 912//
f 902// 997// 540//
f 540// 997// 1007//
f 540// 1007// 539//
f 116// 118// 913//
f 158// 116// 1008//
f 1008// 116// 913//
f 1008// 913// 1009//
f 1009// 913// 952//
f 1009// 952// 1010//
f 1010// 952// 951//
f 1010// 951// 1011//
f 1011// 951// 950//
f 1011// 950// 1012//
f 1012// 950// 936//
f 1012// 936// 1013//
f 1013// 936// 935//
f 1013// 935// 1014//
f 1014// 935// 930//
f 1014// 930// 1015//
f 1015// 930// 929//
f 1015// 929// 1016//
f 1016// 929// 926//
f 1016// 926// 1017//
f 1017// 926// 925//
f 1017// 925// 539//
f 539// 925// 537//
f 163// 162// 1018//
f 541// 543// 1019//
f 1019// 543// 964//
f 1019// 964// 1020//
f 1020// 964// 965//
f 1020// 965// 1021//
f 1021// 965// 966//
f 1021// 966// 1022//
f 1022// 966// 967//
f 1022// 967// 1023//
f 1023// 967// 958//
f 1023// 958// 1024//
f 1024// 958// 957//
f 1024// 957// 1025//
f 1025// 957// 955//
f 1025// 955// 1026//
f 1026// 955// 954//
f 1026// 954// 1027//
f 1027// 954// 984//
f 1027// 984// 1018//
f 1018// 984// 983//
f 1018// 983// 163//
f 163// 983// 171//
f 542// 541// 996//
f 996// 541// 1028//
f 996// 1028// 995//
f 995// 1028// 1029//
f 995// 1029// 994//
f 994// 1029// 1030//
f 994// 1030// 993//
f 1030// 1031// 993//
f 993// 1031// 1032//
f 993// 1032// 992//
f 534// 533// 1033//
f 1033// 533// 988//
f 1033// 988// 1034//
f 1034// 988// 989//
f 1034// 989// 1035//
f 1035// 989// 990//
f 1035// 990// 1036//
f 1036// 990// 991//
f 1036// 991// 1037//
f 1037// 991// 992//
f 1037// 992// 1038//
f 1038// 992// 1032//
f 1039// 158// 1040//
f 1041// 1042// 158//
f 1010// 1011// 1043//
f 1012// 1013// 1044//
f 1045// 1046// 1047//
f 1005// 1006// 1048//
f 998// 999// 1049//
f 1049// 999// 535//
f 1050// 1002// 1003//
f 1047// 1000// 1001//
f 1000// 1047// 997//
f 997// 1047// 1046//
f 997// 1046// 1007//
f 539// 1007// 1017//
f 1017// 1007// 1046//
f 1017// 1046// 1016//
f 1016// 1046// 1045//
f 1016// 1045// 1015//
f 1015// 1045// 1014//
f 535// 1051// 1049//
f 1049// 1051// 1052//
f 1049// 1052// 1053//
f 1013// 1014// 1044//
f 1044// 1014// 1045//
f 1044// 1045// 1054//
f 1054// 1045// 1047//
f 1054// 1047// 1050//
f 1050// 1047// 1001//
f 1050// 1001// 1002//
f 1052// 1055// 1053//
f 1053// 1055// 1056//
f 1053// 1056// 1057//
f 1011// 1012// 1043//
f 1043// 1012// 1044//
f 1043// 1044// 1058//
f 1058// 1044// 1054//
f 1058// 1054// 1059//
f 1059// 1054// 1050//
f 1059// 1050// 1060//
f 1060// 1050// 1003//
f 1060// 1003// 1004//
f 1056// 1061// 1057//
f 1057// 1061// 1062//
f 1057// 1062// 1063//
f 1060// 1064// 1059//
f 1059// 1064// 1065//
f 1059// 1065// 1058//
f 1058// 1065// 1066//
f 1058// 1066// 1043//
f 1043// 1066// 1067//
f 1043// 1067// 1010//
f 1042// 1041// 1068//
f 1006// 998// 1048//
f 1048// 998// 1049//
f 1048// 1049// 1069//
f 1069// 1049// 1053//
f 1069// 1053// 1070//
f 1070// 1053// 1057//
f 1070// 1057// 1071//
f 1071// 1057// 1063//
f 1071// 1063// 1072//
f 1072// 1063// 1040//
f 1072// 1040// 158//
f 158// 1008// 1067//
f 1067// 1008// 1009//
f 1067// 1009// 1010//
f 1064// 1073// 1065//
f 1065// 1073// 1074//
f 1065// 1074// 1066//
f 1066// 1074// 1075//
f 1066// 1075// 1067//
f 1067// 1075// 158//
f 1073// 1068// 1074//
f 1074// 1068// 1041//
f 1074// 1041// 1075//
f 1075// 1041// 158//
f 1062// 1076// 1063//
f 1063// 1076// 1077//
f 1063// 1077// 1040//
f 1040// 1077// 1078//
f 1040// 1078// 1039//
f 1004// 1005// 1060//
f 1060// 1005// 1048//
f 1060// 1048// 1064//
f 1064// 1048// 1069//
f 1064// 1069// 1073//
f 1073// 1069// 1070//
f 1073// 1070// 1068//
f 1068// 1070// 1071//
f 1068// 1071// 1042//
f 1042// 1071// 1072//
f 1042// 1072// 158//
f 1018// 162// 1079//
f 1080// 1081// 162//
f 1082// 1083// 1084//
f 1085// 1086// 1087//
f 1088// 1089// 1090//
f 1031// 1030// 1091//
f 1029// 1028// 1092//
f 1092// 1028// 541//
f 1093// 1037// 1038//
f 1090// 1035// 1036//
f 1035// 1090// 1034//
f 1034// 1090// 1089//
f 1034// 1089// 1033//
f 534// 1033// 1094//
f 1094// 1033// 1089//
f 1094// 1089// 1095//
f 1095// 1089// 1088//
f 1095// 1088// 1096//
f 1096// 1088// 1097//
f 541// 1019// 1092//
f 1092// 1019// 1020//
f 1092// 1020// 1098//
f 1086// 1097// 1087//
f 1087// 1097// 1088//
f 1087// 1088// 1099//
f 1099// 1088// 1090//
f 1099// 1090// 1093//
f 1093// 1090// 1036//
f 1093// 1036// 1037//
f 1020// 1021// 1098//
f 1098// 1021// 1022//
f 1098// 1022// 1100//
f 1083// 1085// 1084//
f 1084// 1085// 1087//
f 1084// 1087// 1101//
f 1101// 1087// 1099//
f 1101// 1099// 1102//
f 1102// 1099// 1093//
f 1102// 1093// 1103//
f 1103// 1093// 1038//
f 1103// 1038// 1032//
f 1022// 1023// 1100//
f 1100// 1023// 1024//
f 1100// 1024// 1104//
f 1103// 1105// 1102//
f 1102// 1105// 1106//
f 1102// 1106// 1101//
f 1101// 1106// 1107//
f 1101// 1107// 1084//
f 1084// 1107// 1108//
f 1084// 1108// 1082//
f 1081// 1080// 1109//
f 1030// 1029// 1091//
f 1091// 1029// 1092//
f 1091// 1092// 1110//
f 1110// 1092// 1098//
f 1110// 1098// 1111//
f 1111// 1098// 1100//
f 1111// 1100// 1112//
f 1112// 1100// 1104//
f 1112// 1104// 1113//
f 1113// 1104// 1079//
f 1113// 1079// 162//
f 162// 1114// 1108//
f 1108// 1114// 1115//
f 1108// 1115// 1082//
f 1105// 1116// 1106//
f 1106// 1116// 1117//
f 1106// 1117// 1107//
f 1107// 1117// 1118//
f 1107// 1118// 1108//
f 1108// 1118// 162//
f 1116// 1109// 1117//
f 1117// 1109// 1080//
f 1117// 1080// 1118//
f 1118// 1080// 162//
f 1024// 1025// 1104//
f 1104// 1025// 1026//
f 1104// 1026// 1079//
f 1079// 1026// 1027//
f 1079// 1027// 1018//
f 1032// 1031// 1103//
f 1103// 1031// 1091//
f 1103// 1091// 1105//
f 1105// 1091// 1110//
f 1105// 1110// 1116//
f 1116// 1110// 1111//
f 1116// 1111// 1109//
f 1109// 1111// 1112//
f 1109// 1112// 1081//
f 1081// 1112// 1113//
f 1081// 1113// 162//
f 160// 158// 1039//
f 162// 160// 1114//
f 1114// 160// 1039//
f 1114// 1039// 1115//
f 1115// 1039// 1078//
f 1115// 1078// 1082//
f 1082// 1078// 1077//
f 1082// 1077// 1083//
f 1083// 1077// 1076//
f 1083// 1076// 1085//
f 1085// 1076// 1062//
f 1085// 1062// 1086//
f 1086// 1062// 1061//
f 1086// 1061// 1097//
f 1097// 1061// 1056//
f 1097// 1056// 1096//
f 1096// 1056// 1055//
f 1096// 1055// 1095//
f 1095// 1055// 1052//
f 1095// 1052// 1094//
f 1094// 1052// 1051//
f 1094// 1051// 534//
f 534// 1051// 535//
usemtl 2
f 1119// 1120// 283//
f 283// 1120// 285//
f 1121// 302// 300//
f 1121// 300// 1122//
f 1122// 300// 298//
f 1122// 298// 1123//
f 1123// 298// 285//
f 1123// 285// 1120//
f 1124// 309// 308//
f 1124// 308// 1125//
f 1125// 308// 307//
f 1125// 307// 1126//
f 1126// 307// 306//
f 1126// 306// 1127//
f 1127// 306// 305//
f 1127// 305// 1128//
f 1128// 305// 304//
f 1128// 304// 1129//
f 1129// 304// 303//
f 1129// 303// 1130//
f 1130// 303// 302//
f 1130// 302// 1121//
f 1131// 297// 299//
f 1131// 299// 1132//
f 1132// 299// 301//
f 1132// 301// 1133//
f 1133// 301// 312//
f 1133// 312// 1134//
f 1134// 312// 311//
f 1134// 311// 1135//
f 1135// 311// 310//
f 1135// 310// 1136//
f 1136// 310// 309//
f 1136// 309// 1124//
f 1137// 294// 293//
f 1137// 293// 1138//
f 1138// 293// 292//
f 1138// 292// 1139//
f 1139// 292// 287//
f 1139// 287// 1140//
f 1140// 287// 286//
f 1140// 286// 1141//
f 1141// 286// 297//
f 1141// 297// 1131//
f 1142// 277// 1143//
f 1143// 277// 279//
f 279// 281// 1143//
f 1143// 281// 296//
f 1143// 296// 1144//
f 1144// 296// 295//
f 1144// 295// 1145//
f 1145// 295// 291//
f 1145// 291// 1146//
f 1146// 291// 290//
f 1146// 290// 1147//
f 1147// 290// 289//
f 1147// 289// 1148//
f 1148// 289// 294//
f 1148// 294// 1137//
f 277// 1142// 1149//
f 1150// 243// 274//
f 1150// 274// 1149//
f 1149// 274// 276//
f 1149// 276// 277//
f 1150// 1151// 243//
f 243// 1151// 244//
f 1152// 262// 261//
f 1152// 261// 1153//
f 1153// 261// 259//
f 1153// 259// 1154//
f 1154// 259// 244//
f 1154// 244// 1151//
f 1155// 265// 270//
f 1155// 270// 1156//
f 1156// 270// 269//
f 1156// 269// 1157//
f 1157// 269// 268//
f 1157// 268// 1158//
f 1158// 268// 273//
f 1158// 273// 1159//
f 1159// 273// 272//
f 1159// 272// 1160//
f 1160// 272// 271//
f 1160// 271// 1161//
f 1161// 271// 262//
f 1161// 262// 1152//
f 1162// 258// 260//
f 1162// 260// 1163//
f 1163// 260// 267//
f 1163// 267// 1164//
f 1164// 267// 266//
f 1164// 266// 1165//
f 1165// 266// 263//
f 1165// 263// 1166//
f 1166// 263// 264//
f 1166// 264// 1167//
f 1167// 264// 265//
f 1167// 265// 1155//
f 1168// 245// 251//
f 1168// 251// 1169//
f 1169// 251// 250//
f 1169// 250// 1170//
f 1170// 250// 249//
f 1170// 249// 1171//
f 1171// 249// 248//
f 1171// 248// 1172//
f 1172// 248// 258//
f 1172// 258// 1162//
f 1173// 240// 1174//
f 1174// 240// 257//
f 257// 256// 1174//
f 1174// 256// 255//
f 1174// 255// 1175//
f 1175// 255// 254//
f 1175// 254// 1176//
f 1176// 254// 253//
f 1176// 253// 1177//
f 1177// 253// 252//
f 1177// 252// 1178//
f 1178// 252// 246//
f 1178// 246// 1179//
f 1179// 246// 245//
f 1179// 245// 1168//
f 1119// 283// 282//
f 1119// 282// 1180//
f 1180// 282// 288//
f 1180// 288// 1181//
f 1181// 288// 1173//
f 1173// 288// 241//
f 1173// 241// 240//
f 1120// 1119// 1123//
f 1123// 1119// 1180//
f 1123// 1180// 1122//
f 1122// 1180// 1181//
f 1122// 1181// 1121//
f 1121// 1181// 1173//
f 1121// 1173// 1130//
f 1130// 1173// 1174//
f 1130// 1174// 1129//
f 1129// 1174// 1175//
f 1129// 1175// 1128//
f 1128// 1175// 1176//
f 1128// 1176// 1127//
f 1127// 1176// 1177//
f 1127// 1177// 1126//
f 1126// 1177// 1178//
f 1126// 1178// 1125//
f 1125// 1178// 1179//
f 1125// 1179// 1124//
f 1124// 1179// 1168//
f 1124// 1168// 1136//
f 1136// 1168// 1169//
f 1136// 1169// 1135//
f 1135// 1169// 1170//
f 1135// 1170// 1134//
f 1134// 1170// 1171//
f 1134// 1171// 1133//
f 1133// 1171// 1172//
f 1133// 1172// 1132//
f 1132// 1172// 1162//
f 1132// 1162// 1131//
f 1131// 1162// 1163//
f 1131// 1163// 1141//
f 1141// 1163// 1164//
f 1141// 1164// 1140//
f 1140// 1164// 1165//
f 1140// 1165// 1139//
f 1139// 1165// 1166//
f 1139// 1166// 1138//
f 1138// 1166// 1167//
f 1138// 1167// 1137//
f 1137// 1167// 1155//
f 1137// 1155// 1148//
f 1148// 1155// 1156//
f 1148// 1156// 1147//
f 1147// 1156// 1157//
f 1147// 1157// 1146//
f 1146// 1157// 1158//
f 1146// 1158// 1145//
f 1145// 1158// 1159//
f 1145// 1159// 1144//
f 1144// 1159// 1160//
f 1144// 1160// 1143//
f 1143// 1160// 1161//
f 1143// 1161// 1142//
f 1142// 1161// 1152//
f 1142// 1152// 1149//
f 1149// 1152// 1153//
f 1149// 1153// 1150//
f 1150// 1153// 1154//
f 1150// 1154// 1151//
f 1182// 1183// 353//
f 353// 1183// 354//
f 1184// 370// 368//
f 1184// 368// 1185//
f 1185// 368// 366//
f 1185// 366// 1186//
f 1186// 366// 354//
f 1186// 354// 1183//
f 1187// 377// 376//
f 1187// 376// 1188//
f 1188// 376// 375//
f 1188// 375// 1189//
f 1189// 375// 374//
f 1189// 374// 1190//
f 1190// 374// 373//
f 1190// 373// 1191//
f 1191// 373// 372//
f 1191// 372// 1192//
f 1192// 372// 371//
f 1192// 371// 1193//
f 1193// 371// 370//
f 1193// 370// 1184//
f 1194// 365// 367//
f 1194// 367// 1195//
f 1195// 367// 369//
f 1195// 369// 1196//
f 1196// 369// 380//
f 1196// 380// 1197//
f 1197// 380// 379//
f 1197// 379// 1198//
f 1198// 379// 378//
f 1198// 378// 1199//
f 1199// 378// 377//
f 1199// 377// 1187//
f 1200// 361// 360//
f 1200// 360// 1201//
f 1201// 360// 357//
f 1201// 357// 1202//
f 1202// 357// 356//
f 1202// 356// 1203//
f 1203// 356// 355//
f 1203// 355// 1204//
f 1204// 355// 365//
f 1204// 365// 1194//
f 1205// 348// 1206//
f 1206// 348// 349//
f 349// 350// 1206//
f 1206// 350// 364//
f 1206// 364// 1207//
f 1207// 364// 363//
f 1207// 363// 1208//
f 1208// 363// 359//
f 1208// 359// 1209//
f 1209// 359// 358//
f 1209// 358// 1210//
f 1210// 358// 362//
f 1210// 362// 1211//
f 1211// 362// 361//
f 1211// 361// 1200//
f 348// 1205// 1212//
f 1213// 318// 317//
f 1213// 317// 1212//
f 1212// 317// 347//
f 1212// 347// 348//
f 1213// 1214// 318//
f 318// 1214// 321//
f 1215// 335// 334//
f 1215// 334// 1216//
f 1216// 334// 332//
f 1216// 332// 1217//
f 1217// 332// 321//
f 1217// 321// 1214//
f 1218// 338// 343//
f 1218// 343// 1219//
f 1219// 343// 342//
f 1219// 342// 1220//
f 1220// 342// 341//
f 1220// 341// 1221//
f 1221// 341// 346//
f 1221// 346// 1222//
f 1222// 346// 345//
f 1222// 345// 1223//
f 1223// 345// 344//
f 1223// 344// 1224//
f 1224// 344// 335//
f 1224// 335// 1215//
f 1225// 331// 333//
f 1225// 333// 1226//
f 1226// 333// 340//
f 1226// 340// 1227//
f 1227// 340// 339//
f 1227// 339// 1228//
f 1228// 339// 336//
f 1228// 336// 1229//
f 1229// 336// 337//
f 1229// 337// 1230//
f 1230// 337// 338//
f 1230// 338// 1218//
f 1231// 330// 329//
f 1231// 329// 1232//
f 1232// 329// 328//
f 1232// 328// 1233//
f 1233// 328// 323//
f 1233// 323// 1234//
f 1234// 323// 322//
f 1234// 322// 1235//
f 1235// 322// 331//
f 1235// 331// 1225//
f 1236// 314// 1237//
f 1237// 314// 313//
f 313// 327// 1237//
f 1237// 327// 326//
f 1237// 326// 1238//
f 1238// 326// 325//
f 1238// 325// 1239//
f 1239// 325// 324//
f 1239// 324// 1240//
f 1240// 324// 320//
f 1240// 320// 1241//
f 1241// 320// 319//
f 1241// 319// 1242//
f 1242// 319// 330//
f 1242// 330// 1231//
f 1182// 353// 352//
f 1182// 352// 1243//
f 1243// 352// 351//
f 1243// 351// 1244//
f 1244// 351// 1236//
f 1236// 351// 316//
f 1236// 316// 314//
f 1183// 1182// 1186//
f 1186// 1182// 1243//
f 1186// 1243// 1185//
f 1185// 1243// 1244//
f 1185// 1244// 1184//
f 1184// 1244// 1236//
f 1184// 1236// 1193//
f 1193// 1236// 1237//
f 1193// 1237// 1192//
f 1192// 1237// 1238//
f 1192// 1238// 1191//
f 1191// 1238// 1239//
f 1191// 1239// 1190//
f 1190// 1239// 1240//
f 1190// 1240// 1189//
f 1189// 1240// 1241//
f 1189// 1241// 1188//
f 1188// 1241// 1242//
f 1188// 1242// 1187//
f 1187// 1242// 1231//
f 1187// 1231// 1199//
f 1199// 1231// 1232//
f 1199// 1232// 1198//
f 1198// 1232// 1233//
f 1198// 1233// 1197//
f 1197// 1233// 1234//
f 1197// 1234// 1196//
f 1196// 1234// 1235//
f 1196// 1235// 1195//
f 1195// 1235// 1225//
f 1195// 1225// 1194//
f 1194// 1225// 1226//
f 1194// 1226// 1204//
f 1204// 1226// 1227//
f 1204// 1227// 1203//
f 1203// 1227// 1228//
f 1203// 1228// 1202//
f 1202// 1228// 1229//
f 1202// 1229// 1201//
f 1201// 1229// 1230//
f 1201// 1230// 1200//
f 1200// 1230// 1218//
f 1200// 1218// 1211//
f 1211// 1218// 1219//
f 1211// 1219// 1210//
f 1210// 1219// 1220//
f 1210// 1220// 1209//
f 1209// 1220// 1221//
f 1209// 1221// 1208//
f 1208// 1221// 1222//
f 1208// 1222// 1207//
f 1207// 1222// 1223//
f 1207// 1223// 1206//
f 1206// 1223// 1224//
f 1206// 1224// 1205//
f 1205// 1224// 1215//
f 1205// 1215// 1212//
f 1212// 1215// 1216//
f 1212// 1216// 1213//
f 1213// 1216// 1217//
f 1213// 1217// 1214//
f 1245// 230// 235//
f 1245// 235// 1246//
f 1246// 235// 234//
f 1246// 234// 1247//
f 1247// 234// 233//
f 1247// 233// 1248//
f 1248// 233// 229//
f 1248// 229// 1249//
f 1249// 229// 227//
f 1249// 227// 1250//
f 1250// 227// 226//
f 1250// 226// 1251//
f 1251// 226// 1252//
f 1252// 226// 236//
f 1252// 236// 238//
f 1253// 220// 1254//
f 1254// 220// 219//
f 219// 225// 1254//
f 1254// 225// 224//
f 1254// 224// 1255//
f 1255// 224// 222//
f 1255// 222// 1256//
f 1256// 222// 221//
f 1256// 221// 1257//
f 1257// 221// 232//
f 1257// 232// 1258//
f 1258// 232// 231//
f 1258// 231// 1259//
f 1259// 231// 230//
f 1259// 230// 1245//
f 1260// 216// 215//
f 1260// 215// 1261//
f 1261// 215// 214//
f 1261// 214// 1262//
f 1262// 214// 213//
f 1262// 213// 1263//
f 1263// 213// 212//
f 1263// 212// 1264//
f 1264// 212// 204//
f 1264// 204// 1265//
f 1265// 204// 203//
f 1265// 203// 1266//
f 1266// 203// 1253//
f 1253// 203// 201//
f 1253// 201// 220//
f 1252// 238// 1267//
f 1267// 238// 211//
f 211// 210// 1267//
f 1267// 210// 209//
f 1267// 209// 1268//
f 1268// 209// 206//
f 1268// 206// 1269//
f 1269// 206// 205//
f 1269// 205// 1270//
f 1270// 205// 208//
f 1270// 208// 1271//
f 1271// 208// 217//
f 1271// 217// 1272//
f 1272// 217// 216//
f 1272// 216// 1260//
f 1273// 1245// 1274//
f 1274// 1245// 1246//
f 1274// 1246// 1275//
f 1275// 1246// 1247//
f 1275// 1247// 1276//
f 1276// 1247// 1248//
f 1276// 1248// 1277//
f 1277// 1248// 1249//
f 1277// 1249// 1278//
f 1278// 1249// 1250//
f 1278// 1250// 1279//
f 1279// 1250// 1251//
f 1279// 1251// 1280//
f 1280// 1251// 1252//
f 1280// 1252// 1281//
f 1281// 1252// 1267//
f 1281// 1267// 1282//
f 1282// 1267// 1268//
f 1282// 1268// 1283//
f 1283// 1268// 1269//
f 1283// 1269// 1284//
f 1284// 1269// 1270//
f 1284// 1270// 1285//
f 1285// 1270// 1271//
f 1285// 1271// 1286//
f 1286// 1271// 1272//
f 1286// 1272// 1287//
f 1287// 1272// 1260//
f 1287// 1260// 1288//
f 1288// 1260// 1261//
f 1288// 1261// 1289//
f 1289// 1261// 1262//
f 1289// 1262// 1290//
f 1290// 1262// 1263//
f 1290// 1263// 1291//
f 1291// 1263// 1264//
f 1291// 1264// 1292//
f 1292// 1264// 1265//
f 1292// 1265// 1293//
f 1293// 1265// 1266//
f 1293// 1266// 1294//
f 1294// 1266// 1253//
f 1294// 1253// 1295//
f 1295// 1253// 1254//
f 1295// 1254// 1296//
f 1296// 1254// 1255//
f 1296// 1255// 1297//
f 1297// 1255// 1256//
f 1297// 1256// 1298//
f 1298// 1256// 1257//
f 1298// 1257// 1299//
f 1299// 1257// 1258//
f 1299// 1258// 1300//
f 1300// 1258// 1259//
f 1300// 1259// 1273//
f 1273// 1259// 1245//
f 1273// 1301// 1302//
f 1273// 1302// 1300//
f 1300// 1302// 1303//
f 1300// 1303// 1299//
f 1299// 1303// 1304//
f 1299// 1304// 1298//
f 1298// 1304// 1305//
f 1298// 1305// 1297//
f 1297// 1305// 1306//
f 1297// 1306// 1296//
f 1296// 1306// 1307//
f 1296// 1307// 1295//
f 1295// 1307// 1308//
f 1295// 1308// 1294//
f 1294// 1308// 1309//
f 1294// 1309// 1293//
f 1293// 1309// 1310//
f 1293// 1310// 1292//
f 1292// 1310// 1311//
f 1292// 1311// 1291//
f 1291// 1311// 1312//
f 1291// 1312// 1290//
f 1290// 1312// 1313//
f 1290// 1313// 1289//
f 1289// 1313// 1314//
f 1289// 1314// 1288//
f 1288// 1314// 1315//
f 1288// 1315// 1287//
f 1287// 1315// 1316//
f 1287// 1316// 1286//
f 1286// 1316// 1317//
f 1286// 1317// 1285//
f 1285// 1317// 1318//
f 1285// 1318// 1284//
f 1284// 1318// 1319//
f 1284// 1319// 1283//
f 1283// 1319// 1320//
f 1283// 1320// 1282//
f 1282// 1320// 1321//
f 1282// 1321// 1281//
f 1281// 1321// 1322//
f 1281// 1322// 1280//
f 1280// 1322// 1323//
f 1280// 1323// 1279//
f 1279// 1323// 1324//
f 1279// 1324// 1278//
f 1278// 1324// 1325//
f 1278// 1325// 1277//
f 1277// 1325// 1326//
f 1277// 1326// 1276//
f 1276// 1326// 1327//
f 1276// 1327// 1275//
f 1275// 1327// 1328//
f 1275// 1328// 1274//
f 1274// 1328// 1301//
f 1274// 1301// 1273//
usemtl 1
f 1301// 1315// 1302//
f 1302// 1315// 1314//
f 1319// 1318// 1301//
f 1319// 1301// 1320//
f 1318// 1317// 1301//
f 1301// 1317// 1316//
f 1301// 1316// 1315//
f 1306// 1302// 1307//
f 1307// 1302// 1308//
f 1327// 1326// 1323//
f 1323// 1326// 1325//
f 1323// 1325// 1324//
f 1327// 1323// 1328//
f 1328// 1323// 1322//
f 1328// 1322// 1301//
f 1301// 1322// 1321//
f 1301// 1321// 1320//
f 1306// 1305// 1302//
f 1302// 1305// 1304//
f 1302// 1304// 1303//
f 1314// 1313// 1302//
f 1302// 1313// 1312//
f 1302// 1312// 1311//
f 1311// 1310// 1302//
f 1302// 1310// 1309//
f 1302// 1309// 1308//
usemtl 2
f 1329// 1330// 484//
f 484// 1330// 485//
f 1330// 1331// 485//
f 485// 1331// 486//
f 1331// 1332// 486//
f 486// 1332// 502//
f 1332// 1333// 502//
f 502// 1333// 503//
f 1333// 1334// 503//
f 503// 1334// 495//
f 1335// 497// 496//
f 1335// 496// 1336//
f 1336// 496// 494//
f 1336// 494// 1337//
f 1337// 494// 493//
f 1337// 493// 1338//
f 1338// 493// 500//
f 1338// 500// 1339//
f 1339// 500// 499//
f 1339// 499// 1340//
f 1340// 499// 492//
f 1340// 492// 1341//
f 1341// 492// 491//
f 1341// 491// 1342//
f 1342// 491// 495//
f 1342// 495// 1334//
f 1329// 484// 501//
f 1329// 501// 1343//
f 1343// 501// 490//
f 1343// 490// 1344//
f 1344// 490// 489//
f 1344// 489// 1345//
f 1345// 489// 488//
f 1345// 488// 1346//
f 1346// 488// 487//
f 1346// 487// 1347//
f 1347// 487// 498//
f 1347// 498// 1348//
f 1348// 498// 497//
f 1348// 497// 1335//
f 1333// 1332// 1330//
f 1330// 1332// 1331//
f 1349// 1350// 1334//
f 1334// 1350// 1351//
f 1334// 1351// 1342//
f 1342// 1351// 1352//
f 1342// 1352// 1341//
f 1341// 1352// 1353//
f 1341// 1353// 1340//
f 1340// 1353// 1354//
f 1340// 1354// 1339//
f 1339// 1354// 1355//
f 1339// 1355// 1338//
f 1338// 1355// 1356//
f 1338// 1356// 1337//
f 1337// 1356// 1357//
f 1337// 1357// 1336//
f 1336// 1357// 1358//
f 1336// 1358// 1335//
f 1335// 1358// 1359//
f 1335// 1359// 1348//
f 1348// 1359// 1360//
f 1348// 1360// 1347//
f 1347// 1360// 1361//
f 1347// 1361// 1346//
f 1346// 1361// 1362//
f 1346// 1362// 1345//
f 1345// 1362// 1363//
f 1345// 1363// 1344//
f 1344// 1363// 1364//
f 1344// 1364// 1343//
f 1343// 1364// 1365//
f 1343// 1365// 1329//
f 1329// 1365// 1366//
f 1329// 1366// 1330//
f 1330// 1366// 1367//
f 1330// 1367// 1333//
f 1333// 1367// 1349//
f 1333// 1349// 1334//
f 1350// 1349// 1368//
f 1368// 1349// 1369//
f 1350// 1368// 1370//
f 1350// 1370// 1351//
f 1351// 1370// 1371//
f 1351// 1371// 1352//
f 1352// 1371// 1372//
f 1352// 1372// 1353//
f 1353// 1372// 1373//
f 1353// 1373// 1354//
f 1354// 1373// 1374//
f 1354// 1374// 1355//
f 1355// 1374// 1375//
f 1355// 1375// 1356//
f 1356// 1375// 1376//
f 1356// 1376// 1357//
f 1357// 1376// 1377//
f 1357// 1377// 1358//
f 1358// 1377// 1378//
f 1358// 1378// 1359//
f 1359// 1378// 1379//
f 1359// 1379// 1360//
f 1360// 1379// 1380//
f 1360// 1380// 1361//
f 1361// 1380// 1381//
f 1361// 1381// 1362//
f 1362// 1381// 1382//
f 1362// 1382// 1363//
f 1363// 1382// 1383//
f 1363// 1383// 1364//
f 1364// 1383// 1384//
f 1364// 1384// 1365//
f 1365// 1384// 1385//
f 1365// 1385// 1366//
f 1367// 1366// 1386//
f 1386// 1366// 1385//
f 1349// 1367// 1369//
f 1369// 1367// 1386//
usemtl 1
f 1369// 1386// 1368//
f 1368// 1386// 1385//
f 1385// 1384// 1368//
f 1368// 1384// 1383//
f 1368// 1383// 1382//
f 1379// 1378// 1368//
f 1368// 1378// 1377//
f 1368// 1377// 1370//
f 1370// 1377// 1376//
f 1370// 1376// 1371//
f 1371// 1376// 1372//
f 1382// 1381// 1368//
f 1368// 1381// 1380//
f 1368// 1380// 1379//
f 1372// 1376// 1373//
f 1373// 1376// 1375//
f 1373// 1375// 1374//
usemtl 2
f 1387// 1388// 193//
f 193// 1388// 478//
f 1388// 1389// 478//
f 478// 1389// 480//
f 1389// 1390// 480//
f 480// 1390// 192//
f 1390// 1387// 192//
f 192// 1387// 193//
f 1390// 1389// 1387//
f 1387// 1389// 1388//
f 1391// 418// 415//
f 1391// 415// 1392//
f 1392// 415// 414//
f 1392// 414// 1393//
f 1393// 414// 417//
f 1393// 417// 1394//
f 1394// 417// 403//
f 1394// 403// 1395//
f 1396// 423// 422//
f 1396// 422// 1397//
f 1397// 422// 421//
f 1397// 421// 1398//
f 1398// 421// 426//
f 1398// 426// 1399//
f 1399// 426// 425//
f 1399// 425// 1400//
f 1400// 425// 420//
f 1400// 420// 1401//
f 1401// 420// 419//
f 1401// 419// 1402//
f 1402// 419// 418//
f 1402// 418// 1391//
f 1403// 396// 404//
f 1403// 404// 1404//
f 1404// 404// 416//
f 1404// 416// 1405//
f 1405// 416// 424//
f 1405// 424// 1406//
f 1406// 424// 423//
f 1406// 423// 1396//
f 1403// 1407// 396//
f 396// 1407// 397//
f 1408// 431// 430//
f 1408// 430// 1409//
f 1409// 430// 428//
f 1409// 428// 1410//
f 428// 427// 1410//
f 1410// 427// 398//
f 1410// 398// 1411//
f 1411// 398// 397//
f 1411// 397// 1407//
f 431// 1408// 433//
f 433// 1408// 1412//
f 433// 1412// 434//
f 434// 1412// 1413//
f 434// 1413// 384//
f 384// 1413// 1414//
f 384// 1414// 385//
f 385// 1414// 1415//
f 385// 1415// 386//
f 386// 1415// 1416//
f 386// 1416// 387//
f 387// 1416// 1417//
f 387// 1417// 405//
f 405// 1417// 1418//
f 405// 1418// 406//
f 1419// 408// 390//
f 1419// 390// 1420//
f 1420// 390// 389//
f 1420// 389// 1421//
f 1421// 389// 388//
f 1421// 388// 1422//
f 1422// 388// 407//
f 1422// 407// 1423//
f 1423// 407// 406//
f 1423// 406// 1418//
f 1424// 413// 412//
f 1424// 412// 1425//
f 1425// 412// 411//
f 1425// 411// 1426//
f 1426// 411// 410//
f 1426// 410// 1427//
f 1427// 410// 409//
f 1427// 409// 1428//
f 1428// 409// 408//
f 1428// 408// 1419//
f 1424// 1429// 413//
f 413// 1429// 383//
f 1429// 1430// 383//
f 383// 1430// 391//
f 1430// 1431// 391//
f 391// 1431// 392//
f 1431// 1432// 392//
f 392// 1432// 394//
f 1395// 403// 402//
f 1395// 402// 1433//
f 1433// 402// 401//
f 1433// 401// 1434//
f 1434// 401// 400//
f 1434// 400// 1435//
f 1435// 400// 399//
f 1435// 399// 1436//
f 1436// 399// 395//
f 1436// 395// 1437//
f 1437// 395// 394//
f 1437// 394// 1432//
f 1430// 1429// 1431//
f 1431// 1429// 1424//
f 1396// 1409// 1406//
f 1406// 1409// 1410//
f 1406// 1410// 1405//
f 1405// 1410// 1411//
f 1405// 1411// 1404//
f 1404// 1411// 1407//
f 1404// 1407// 1403//
f 1394// 1395// 1419//
f 1419// 1395// 1433//
f 1419// 1433// 1428//
f 1428// 1433// 1434//
f 1428// 1434// 1427//
f 1427// 1434// 1435//
f 1427// 1435// 1426//
f 1426// 1435// 1436//
f 1426// 1436// 1425//
f 1425// 1436// 1437//
f 1425// 1437// 1424//
f 1424// 1437// 1432//
f 1424// 1432// 1431//
f 1419// 1420// 1394//
f 1394// 1420// 1421//
f 1394// 1421// 1393//
f 1393// 1421// 1422//
f 1393// 1422// 1392//
f 1392// 1422// 1423//
f 1392// 1423// 1391//
f 1391// 1423// 1418//
f 1391// 1418// 1402//
f 1402// 1418// 1417//
f 1402// 1417// 1401//
f 1401// 1417// 1416//
f 1401// 1416// 1400//
f 1400// 1416// 1415//
f 1400// 1415// 1399//
f 1399// 1415// 1414//
f 1399// 1414// 1398//
f 1398// 1414// 1413//
f 1398// 1413// 1397//
f 1397// 1413// 1412//
f 1397// 1412// 1396//
f 1396// 1412// 1408//
f 1396// 1408// 1409//
f 1438// 1439// 474//
f 474// 1439// 195//
f 1439// 1440// 195//
f 195// 1440// 196//
f 1440// 1441// 196//
f 196// 1441// 197//
f 1441// 1442// 197//
f 197// 1442// 473//
f 1442// 1443// 473//
f 473// 1443// 472//
f 1443// 1444// 472//
f 472// 1444// 469//
f 1444// 1445// 469//
f 469// 1445// 470//
f 1445// 1446// 470//
f 470// 1446// 471//
f 1446// 1447// 471//
f 471// 1447// 475//
f 1447// 1448// 475//
f 475// 1448// 476//
f 1438// 474// 477//
f 1438// 477// 1449//
f 1449// 477// 476//
f 1449// 476// 1448//
f 1450// 1451// 1440//
f 1445// 1444// 1446//
f 1446// 1444// 1443//
f 1440// 1439// 1450//
f 1450// 1439// 1438//
f 1450// 1438// 1452//
f 1452// 1438// 1449//
f 1452// 1449// 1453//
f 1442// 1441// 1443//
f 1443// 1441// 1440//
f 1443// 1440// 1446//
f 1446// 1440// 1451//
f 1446// 1451// 1447//
f 1447// 1451// 1453//
f 1447// 1453// 1448//
f 1448// 1453// 1449//
f 1453// 1454// 1455//
f 1453// 1455// 1452//
f 1452// 1455// 1456//
f 1452// 1456// 1450//
f 1451// 1450// 1457//
f 1457// 1450// 1456//
f 1453// 1451// 1454//
f 1454// 1451// 1457//
usemtl 1
f 1454// 1457// 1455//
f 1455// 1457// 1456//
usemtl 3
f 1458// 1459// 170//
f 170// 1459// 169//
f 1459// 1460// 169//
f 169// 1460// 168//
f 1460// 1461// 168//
f 168// 1461// 188//
f 1461// 1462// 188//
f 188// 1462// 187//
f 1462// 1463// 187//
f 187// 1463// 186//
f 1463// 1464// 186//
f 186// 1464// 165//
f 1464// 1465// 165//
f 165// 1465// 172//
f 1465// 1458// 172//
f 172// 1458// 170//
f 1466// 1462// 1467//
f 1467// 1462// 1461//
f 1468// 1465// 1466//
f 1466// 1465// 1464//
f 1466// 1464// 1462//
f 1462// 1464// 1463//
f 1468// 1469// 1465//
f 1465// 1469// 1470//
f 1465// 1470// 1458//
f 1458// 1470// 1471//
f 1458// 1471// 1472//
f 1472// 1473// 1458//
f 1458// 1473// 1467//
f 1458// 1467// 1459//
f 1459// 1467// 1461//
f 1459// 1461// 1460//
f 1466// 1467// 1474//
f 1474// 1467// 1475//
f 1468// 1466// 1476//
f 1476// 1466// 1474//
f 1468// 1476// 1477//
f 1468// 1477// 1469//
f 1469// 1477// 1478//
f 1469// 1478// 1470//
f 1471// 1470// 1479//
f 1479// 1470// 1478//
f 1471// 1479// 1480//
f 1471// 1480// 1472//
f 1472// 1480// 1481//
f 1472// 1481// 1473//
f 1467// 1473// 1475//
f 1475// 1473// 1481//
f 1482// 1483// 176//
f 176// 1483// 177//
f 1483// 1484// 177//
f 177// 1484// 178//
f 1484// 1485// 178//
f 178// 1485// 179//
f 1486// 190// 189//
f 1486// 189// 1487//
f 1487// 189// 182//
f 1487// 182// 1488//
f 1488// 182// 181//
f 1488// 181// 1489//
f 1489// 181// 180//
f 1489// 180// 1490//
f 1490// 180// 185//
f 1490// 185// 1491//
f 1491// 185// 184//
f 1491// 184// 1492//
f 1492// 184// 183//
f 1492// 183// 1493//
f 1493// 183// 179//
f 1493// 179// 1485//
f 1482// 176// 175//
f 1482// 175// 1494//
f 1494// 175// 174//
f 1494// 174// 1495//
f 1495// 174// 173//
f 1495// 173// 1496//
f 1496// 173// 167//
f 1496// 167// 1497//
f 1497// 167// 166//
f 1497// 166// 1498//
f 1498// 166// 191//
f 1498// 191// 1499//
f 1499// 191// 190//
f 1499// 190// 1486//
f 1488// 1489// 1500//
f 1500// 1489// 1490//
f 1500// 1490// 1501//
f 1501// 1490// 1491//
f 1501// 1491// 1502//
f 1502// 1491// 1492//
f 1502// 1492// 1503//
f 1503// 1492// 1493//
f 1503// 1493// 1504//
f 1504// 1493// 1485//
f 1504// 1485// 1505//
f 1505// 1485// 1484//
f 1505// 1484// 1506//
f 1506// 1484// 1483//
f 1506// 1483// 1507//
f 1507// 1483// 1482//
f 1507// 1482// 1508//
f 1508// 1482// 1494//
f 1508// 1494// 1509//
f 1509// 1494// 1495//
f 1509// 1495// 1510//
f 1510// 1495// 1496//
f 1510// 1496// 1511//
f 1511// 1496// 1497//
f 1511// 1497// 1512//
f 1512// 1497// 1498//
f 1512// 1498// 1513//
f 1513// 1498// 1499//
f 1513// 1499// 1514//
f 1514// 1499// 1486//
f 1514// 1486// 1515//
f 1515// 1486// 1487//
f 1515// 1487// 1516//
f 1516// 1487// 1488//
f 1516// 1488// 1500//
f 1504// 1505// 1517//
f 1517// 1505// 1518//
f 1504// 1517// 1519//
f 1504// 1519// 1503//
f 1503// 1519// 1520//
f 1503// 1520// 1502//
f 1502// 1520// 1521//
f 1502// 1521// 1501//
f 1501// 1521// 1522//
f 1501// 1522// 1500//
f 1500// 1522// 1523//
f 1500// 1523// 1516//
f 1516// 1523// 1524//
f 1516// 1524// 1515//
f 1515// 1524// 1525//
f 1515// 1525// 1514//
f 1514// 1525// 1526//
f 1514// 1526// 1513//
f 1513// 1526// 1527//
f 1513// 1527// 1512//
f 1512// 1527// 1528//
f 1512// 1528// 1511//
f 1511// 1528// 1529//
f 1511// 1529// 1510//
f 1510// 1529// 1530//
f 1510// 1530// 1509//
f 1509// 1530// 1531//
f 1509// 1531// 1508//
f 1508// 1531// 1532//
f 1508// 1532// 1507//
f 1506// 1507// 1533//
f 1533// 1507// 1532//
f 1505// 1506// 1518//
f 1518// 1506// 1533//
f 1534// 1535// 98//
f 98// 1535// 100//
f 1535// 1536// 100//
f 100// 1536// 101//
f 1536// 1537// 101//
f 101// 1537// 107//
f 1537// 1538// 107//
f 107// 1538// 121//
f 1538// 1539// 121//
f 121// 1539// 102//
f 1539// 1540// 102//
f 102// 1540// 103//
f 1540// 1541// 103//
f 103// 1541// 104//
f 1541// 1542// 104//
f 104// 1542// 111//
f 1542// 1543// 111//
f 111// 1543// 110//
f 1543// 1544// 110//
f 110// 1544// 108//
f 1544// 1545// 108//
f 108// 1545// 109//
f 1545// 1534// 109//
f 109// 1534// 98//
f 1536// 1535// 1534//
f 1534// 1545// 1536//
f 1536// 1545// 1544//
f 1536// 1544// 1537//
f 1539// 1538// 1540//
f 1540// 1538// 1537//
f 1540// 1537// 1541//
f 1541// 1537// 1544//
f 1541// 1544// 1542//
f 1542// 1544// 1543//
f 1546// 1547// 106//
f 106// 1547// 105//
f 105// 1547// 1548//
f 1549// 157// 159//
f 1549// 159// 1550//
f 1550// 159// 161//
f 1550// 161// 1548//
f 1548// 161// 164//
f 1548// 164// 105//
f 1551// 147// 146//
f 1551// 146// 1552//
f 1552// 146// 144//
f 1552// 144// 1553//
f 1553// 144// 142//
f 1553// 142// 1554//
f 1554// 142// 141//
f 1554// 141// 1555//
f 1555// 141// 112//
f 1555// 112// 1556//
f 1556// 112// 114//
f 1556// 114// 1557//
f 1557// 114// 1549//
f 1549// 114// 115//
f 1549// 115// 157//
f 1558// 151// 150//
f 1558// 150// 1559//
f 1559// 150// 149//
f 1559// 149// 1560//
f 1560// 149// 138//
f 1560// 138// 1561//
f 1561// 138// 139//
f 1561// 139// 1562//
f 1562// 139// 140//
f 1562// 140// 1563//
f 1563// 140// 148//
f 1563// 148// 1564//
f 1564// 148// 147//
f 1564// 147// 1551//
f 1565// 153// 152//
f 1565// 152// 1566//
f 1566// 152// 151//
f 1566// 151// 1558//
f 1565// 1567// 153//
f 153// 1567// 154//
f 1568// 156// 155//
f 1568// 155// 1569//
f 1569// 155// 154//
f 1569// 154// 1567//
f 1570// 127// 137//
f 1570// 137// 1571//
f 1571// 137// 136//
f 1571// 136// 1572//
f 1572// 136// 126//
f 1572// 126// 1573//
f 1573// 126// 125//
f 1573// 125// 1574//
f 1574// 125// 123//
f 1574// 123// 1575//
f 1575// 123// 122//
f 1575// 122// 1576//
f 1576// 122// 156//
f 1576// 156// 1568//
f 1577// 131// 130//
f 1577// 130// 1578//
f 1578// 130// 132//
f 1578// 132// 1579//
f 1579// 132// 133//
f 1579// 133// 1580//
f 1580// 133// 134//
f 1580// 134// 1581//
f 1581// 134// 129//
f 1581// 129// 1582//
f 1582// 129// 128//
f 1582// 128// 1583//
f 1583// 128// 127//
f 1583// 127// 1570//
f 1546// 106// 124//
f 1546// 124// 1584//
f 1584// 124// 135//
f 1584// 135// 1585//
f 1585// 135// 131//
f 1585// 131// 1577//
f 1578// 1549// 1577//
f 1577// 1549// 1550//
f 1577// 1550// 1585//
f 1585// 1550// 1548//
f 1585// 1548// 1584//
f 1584// 1548// 1547//
f 1584// 1547// 1546//
f 1567// 1565// 1569//
f 1569// 1565// 1566//
f 1569// 1566// 1568//
f 1568// 1566// 1558//
f 1568// 1558// 1576//
f 1576// 1558// 1559//
f 1576// 1559// 1575//
f 1575// 1559// 1560//
f 1575// 1560// 1574//
f 1574// 1560// 1561//
f 1574// 1561// 1573//
f 1573// 1561// 1562//
f 1573// 1562// 1572//
f 1572// 1562// 1563//
f 1572// 1563// 1571//
f 1571// 1563// 1564//
f 1571// 1564// 1570//
f 1570// 1564// 1551//
f 1570// 1551// 1583//
f 1583// 1551// 1552//
f 1583// 1552// 1582//
f 1582// 1552// 1553//
f 1582// 1553// 1581//
f 1581// 1553// 1554//
f 1581// 1554// 1580//
f 1580// 1554// 1555//
f 1580// 1555// 1579//
f 1579// 1555// 1556//
f 1579// 1556// 1578//
f 1578// 1556// 1557//
f 1578// 1557// 1549//
f 1586// 1587// 143//
f 143// 1587// 113//
f 1587// 1588// 113//
f 113// 1588// 117//
f 1588// 1589// 117//
f 117// 1589// 119//
f 1589// 1590// 119//
f 119// 1590// 120//
f 1590// 1591// 120//
f 120// 1591// 145//
f 1591// 1586// 145//
f 145// 1586// 143//
f 1590// 1589// 1591//
f 1591// 1589// 1588//
f 1591// 1588// 1586//
f 1586// 1588// 1587//
usemtl 1
f 1474// 1475// 1476//
f 1476// 1475// 1481//
f 1476// 1481// 1477//
f 1477// 1481// 1480//
f 1477// 1480// 1478//
f 1478// 1480// 1479//
f 1518// 1533// 1517//
f 1517// 1533// 1532//
f 1517// 1532// 1531//
f 1525// 1524// 1517//
f 1517// 1524// 1523//
f 1517// 1523// 1519//
f 1531// 1530// 1517//
f 1517// 1530// 1529//
f 1517// 1529// 1528//
f 1528// 1527// 1517//
f 1517// 1527// 1526//
f 1517// 1526// 1525//
f 1522// 1521// 1523//
f 1523// 1521// 1520//
f 1523// 1520// 1519//
usemtl 4
f 1592// 454// 1593//
f 1593// 454// 453//
f 1593// 453// 1594//
f 1594// 453// 445//
f 1594// 445// 1595//
f 1595// 445// 444//
f 1595// 444// 1596//
f 1596// 444// 443//
f 1596// 443// 1597//
f 1597// 443// 442//
f 1597// 442// 1598//
f 1598// 442// 461//
f 1598// 461// 1599//
f 1599// 461// 460//
f 1599// 460// 1600//
f 1600// 460// 459//
f 1600// 459// 1601//
f 1601// 459// 457//
f 1601// 457// 1602//
f 1602// 457// 456//
f 1602// 456// 1603//
f 1603// 456// 464//
f 1603// 464// 1604//
f 1604// 464// 463//
f 1604// 463// 1605//
f 1605// 463// 462//
f 1605// 462// 1606//
f 1606// 462// 452//
f 1606// 452// 1607//
f 1607// 452// 451//
f 1607// 451// 1608//
f 1608// 451// 450//
f 1608// 450// 1609//
f 1609// 450// 440//
f 1609// 440// 1610//
f 1610// 440// 439//
f 1610// 439// 1611//
f 1611// 439// 449//
f 1611// 449// 1612//
f 1612// 449// 448//
f 1612// 448// 1613//
f 1613// 448// 447//
f 1613// 447// 1614//
f 1614// 447// 446//
f 1614// 446// 1615//
f 1615// 446// 455//
f 1615// 455// 1592//
f 1592// 455// 454//
f 1614// 1615// 1616//
f 1616// 1615// 1592//
f 1616// 1592// 1593//
f 1611// 1612// 1616//
f 1616// 1612// 1613//
f 1616// 1613// 1614//
f 1608// 1609// 1616//
f 1616// 1609// 1610//
f 1616// 1610// 1611//
f 1605// 1606// 1616//
f 1616// 1606// 1607//
f 1616// 1607// 1608//
f 1602// 1603// 1616//
f 1616// 1603// 1604//
f 1616// 1604// 1605//
f 1599// 1600// 1616//
f 1616// 1600// 1601//
f 1616// 1601// 1602//
f 1596// 1597// 1616//
f 1616// 1597// 1598//
f 1616// 1598// 1599//
f 1593// 1594// 1616//
f 1616// 1594// 1595//
f 1616// 1595// 1596//
usemtl 5
f 1617// 1618// 1619//
f 1619// 1618// 1620//
f 527// 96// 1621//
f 1621// 96// 1622//
f 1621// 1622// 1623//
f 1623// 1622// 1624//
f 1623// 1624// 1625//
f 1625// 1624// 1626//
f 1625// 1626// 1627//
f 1627// 1626// 1628//
f 1627// 1628// 1629//
f 1629// 1628// 1630//
f 96// 94// 1622//
f 1622// 94// 1631//
f 1622// 1631// 1624//
f 1624// 1631// 1632//
f 1624// 1632// 1626//
f 1626// 1632// 1633//
f 1626// 1633// 1628//
f 1628// 1633// 1634//
f 1628// 1634// 1630//
f 1630// 1634// 1635//
f 1636// 1635// 1634//
f 1636// 1634// 1637//
f 1637// 1634// 1633//
f 1637// 1633// 1638//
f 1638// 1633// 1632//
f 1638// 1632// 1639//
f 1639// 1632// 1631//
f 1639// 1631// 1640//
f 1640// 1631// 94//
f 1640// 94// 525//
f 1629// 1636// 1627//
f 1627// 1636// 1637//
f 1627// 1637// 1625//
f 1625// 1637// 1638//
f 1625// 1638// 1623//
f 1623// 1638// 1639//
f 1623// 1639// 1621//
f 1621// 1639// 1640//
f 1621// 1640// 527//
f 527// 1640// 525//
f 1641// 1629// 1642//
f 1642// 1629// 1630//
f 1642// 1630// 1643//
f 1643// 1630// 1635//
f 1643// 1635// 1644//
f 1644// 1635// 1636//
f 1636// 1629// 1644//
f 1644// 1629// 1641//
f 1645// 1646// 1647//
f 1645// 1647// 1648//
f 1648// 1647// 1649//
f 1648// 1649// 1650//
f 1650// 1649// 1651//
f 1650// 1651// 1652//
f 1652// 1651// 1653//
f 1652// 1653// 1654//
f 1654// 1653// 1641//
f 1654// 1641// 1642//
f 1655// 1645// 1656//
f 1656// 1645// 1648//
f 1656// 1648// 1657//
f 1657// 1648// 1650//
f 1657// 1650// 1658//
f 1658// 1650// 1652//
f 1658// 1652// 1659//
f 1659// 1652// 1654//
f 1659// 1654// 1643//
f 1643// 1654// 1642//
f 1643// 1644// 1659//
f 1659// 1644// 1660//
f 1659// 1660// 1658//
f 1658// 1660// 1661//
f 1658// 1661// 1657//
f 1657// 1661// 1662//
f 1657// 1662// 1656//
f 1656// 1662// 1663//
f 1656// 1663// 1655//
f 1655// 1663// 1664//
f 1644// 1641// 1660//
f 1660// 1641// 1653//
f 1660// 1653// 1661//
f 1661// 1653// 1651//
f 1661// 1651// 1662//
f 1662// 1651// 1649//
f 1662// 1649// 1663//
f 1663// 1649// 1647//
f 1663// 1647// 1664//
f 1664// 1647// 1646//
f 1617// 1646// 1618//
f 1618// 1646// 1645//
f 1618// 1645// 1620//
f 1620// 1645// 1655//
f 1620// 1655// 1619//
f 1619// 1655// 1664//
f 1664// 1646// 1619//
f 1619// 1646// 1617//
f 1665// 1666// 1667//
f 1667// 1666// 1668//
f 95// 92// 1669//
f 1669// 92// 1670//
f 1669// 1670// 1671//
f 1671// 1670// 1672//
f 1671// 1672// 1673//
f 1673// 1672// 1674//
f 1673// 1674// 1675//
f 1675// 1674// 1676//
f 1675// 1676// 1677//
f 1677// 1676// 1678//
f 92// 90// 1670//
f 1670// 90// 1679//
f 1670// 1679// 1672//
f 1672// 1679// 1680//
f 1672// 1680// 1674//
f 1674// 1680// 1681//
f 1674// 1681// 1676//
f 1676// 1681// 1682//
f 1676// 1682// 1678//
f 1678// 1682// 1683//
f 1684// 1683// 1682//
f 1684// 1682// 1685//
f 1685// 1682// 1681//
f 1685// 1681// 1686//
f 1686// 1681// 1680//
f 1686// 1680// 1687//
f 1687// 1680// 1679//
f 1687// 1679// 1688//
f 1688// 1679// 90//
f 1688// 90// 93//
f 1677// 1684// 1675//
f 1675// 1684// 1685//
f 1675// 1685// 1673//
f 1673// 1685// 1686//
f 1673// 1686// 1671//
f 1671// 1686// 1687//
f 1671// 1687// 1669//
f 1669// 1687// 1688//
f 1669// 1688// 95//
f 95// 1688// 93//
f 1689// 1677// 1690//
f 1690// 1677// 1678//
f 1690// 1678// 1691//
f 1691// 1678// 1683//
f 1691// 1683// 1692//
f 1692// 1683// 1684//
f 1684// 1677// 1692//
f 1692// 1677// 1689//
f 1693// 1694// 1695//
f 1693// 1695// 1696//
f 1696// 1695// 1697//
f 1696// 1697// 1698//
f 1698// 1697// 1699//
f 1698// 1699// 1700//
f 1700// 1699// 1701//
f 1700// 1701// 1702//
f 1702// 1701// 1689//
f 1702// 1689// 1690//
f 1703// 1693// 1704//
f 1704// 1693// 1696//
f 1704// 1696// 1705//
f 1705// 1696// 1698//
f 1705// 1698// 1706//
f 1706// 1698// 1700//
f 1706// 1700// 1707//
f 1707// 1700// 1702//
f 1707// 1702// 1691//
f 1691// 1702// 1690//
f 1691// 1692// 1707//
f 1707// 1692// 1708//
f 1707// 1708// 1706//
f 1706// 1708// 1709//
f 1706// 1709// 1705//
f 1705// 1709// 1710//
f 1705// 1710// 1704//
f 1704// 1710// 1711//
f 1704// 1711// 1703//
f 1703// 1711// 1712//
f 1692// 1689// 1708//
f 1708// 1689// 1701//
f 1708// 1701// 1709//
f 1709// 1701// 1699//
f 1709// 1699// 1710//
f 1710// 1699// 1697//
f 1710// 1697// 1711//
f 1711// 1697// 1695//
f 1711// 1695// 1712//
f 1712// 1695// 1694//
f 1665// 1694// 1666//
f 1666// 1694// 1693//
f 1666// 1693// 1668//
f 1668// 1693// 1703//
f 1668// 1703// 1667//
f 1667// 1703// 1712//
f 1712// 1694// 1667//
f 1667// 1694// 1665//
f 1713// 1714// 1715//
f 1715// 1714// 1716//
f 91// 88// 1717//
f 1717// 88// 1718//
f 1717// 1718// 1719//
f 1719// 1718// 1720//
f 1719// 1720// 1721//
f 1721// 1720// 1722//
f 1721// 1722// 1723//
f 1723// 1722// 1724//
f 1723// 1724// 1725//
f 1725// 1724// 1726//
f 88// 86// 1718//
f 1718// 86// 1727//
f 1718// 1727// 1720//
f 1720// 1727// 1728//
f 1720// 1728// 1722//
f 1722// 1728// 1729//
f 1722// 1729// 1724//
f 1724// 1729// 1730//
f 1724// 1730// 1726//
f 1726// 1730// 1731//
f 1732// 1731// 1730//
f 1732// 1730// 1733//
f 1733// 1730// 1729//
f 1733// 1729// 1734//
f 1734// 1729// 1728//
f 1734// 1728// 1735//
f 1735// 1728// 1727//
f 1735// 1727// 1736//
f 1736// 1727// 86//
f 1736// 86// 89//
f 1725// 1732// 1723//
f 1723// 1732// 1733//
f 1723// 1733// 1721//
f 1721// 1733// 1734//
f 1721// 1734// 1719//
f 1719// 1734// 1735//
f 1719// 1735// 1717//
f 1717// 1735// 1736//
f 1717// 1736// 91//
f 91// 1736// 89//
f 1737// 1725// 1738//
f 1738// 1725// 1726//
f 1738// 1726// 1739//
f 1739// 1726// 1731//
f 1739// 1731// 1740//
f 1740// 1731// 1732//
f 1732// 1725// 1740//
f 1740// 1725// 1737//
f 1741// 1742// 1743//
f 1741// 1743// 1744//
f 1744// 1743// 1745//
f 1744// 1745// 1746//
f 1746// 1745// 1747//
f 1746// 1747// 1748//
f 1748// 1747// 1749//
f 1748// 1749// 1750//
f 1750// 1749// 1737//
f 1750// 1737// 1738//
f 1751// 1741// 1752//
f 1752// 1741// 1744//
f 1752// 1744// 1753//
f 1753// 1744// 1746//
f 1753// 1746// 1754//
f 1754// 1746// 1748//
f 1754// 1748// 1755//
f 1755// 1748// 1750//
f 1755// 1750// 1739//
f 1739// 1750// 1738//
f 1739// 1740// 1755//
f 1755// 1740// 1756//
f 1755// 1756// 1754//
f 1754// 1756// 1757//
f 1754// 1757// 1753//
f 1753// 1757// 1758//
f 1753// 1758// 1752//
f 1752// 1758// 1759//
f 1752// 1759// 1751//
f 1751// 1759// 1760//
f 1740// 1737// 1756//
f 1756// 1737// 1749//
f 1756// 1749// 1757//
f 1757// 1749// 1747//
f 1757// 1747// 1758//
f 1758// 1747// 1745//
f 1758// 1745// 1759//
f 1759// 1745// 1743//
f 1759// 1743// 1760//
f 1760// 1743// 1742//
f 1713// 1742// 1714//
f 1714// 1742// 1741//
f 1714// 1741// 1716//
f 1716// 1741// 1751//
f 1716// 1751// 1715//
f 1715// 1751// 1760//
f 1760// 1742// 1715//
f 1715// 1742// 1713//
f 1761// 1762// 1763//
f 1763// 1762// 1764//
f 87// 84// 1765//
f 1765// 84// 1766//
f 1765// 1766// 1767//
f 1767// 1766// 1768//
f 1767// 1768// 1769//
f 1769// 1768// 1770//
f 1769// 1770// 1771//
f 1771// 1770// 1772//
f 1771// 1772// 1773//
f 1773// 1772// 1774//
f 84// 82// 1766//
f 1766// 82// 1775//
f 1766// 1775// 1768//
f 1768// 1775// 1776//
f 1768// 1776// 1770//
f 1770// 1776// 1777//
f 1770// 1777// 1772//
f 1772// 1777// 1778//
f 1772// 1778// 1774//
f 1774// 1778// 1779//
f 1780// 1779// 1778//
f 1780// 1778// 1781//
f 1781// 1778// 1777//
f 1781// 1777// 1782//
f 1782// 1777// 1776//
f 1782// 1776// 1783//
f 1783// 1776// 1775//
f 1783// 1775// 1784//
f 1784// 1775// 82//
f 1784// 82// 85//
f 1773// 1780// 1771//
f 1771// 1780// 1781//
f 1771// 1781// 1769//
f 1769// 1781// 1782//
f 1769// 1782// 1767//
f 1767// 1782// 1783//
f 1767// 1783// 1765//
f 1765// 1783// 1784//
f 1765// 1784// 87//
f 87// 1784// 85//
f 1785// 1773// 1786//
f 1786// 1773// 1774//
f 1786// 1774// 1787//
f 1787// 1774// 1779//
f 1787// 1779// 1788//
f 1788// 1779// 1780//
f 1780// 1773// 1788//
f 1788// 1773// 1785//
f 1789// 1790// 1791//
f 1789// 1791// 1792//
f 1792// 1791// 1793//
f 1792// 1793// 1794//
f 1794// 1793// 1795//
f 1794// 1795// 1796//
f 1796// 1795// 1797//
f 1796// 1797// 1798//
f 1798// 1797// 1785//
f 1798// 1785// 1786//
f 1799// 1789// 1800//
f 1800// 1789// 1792//
f 1800// 1792// 1801//
f 1801// 1792// 1794//
f 1801// 1794// 1802//
f 1802// 1794// 1796//
f 1802// 1796// 1803//
f 1803// 1796// 1798//
f 1803// 1798// 1787//
f 1787// 1798// 1786//
f 1787// 1788// 1803//
f 1803// 1788// 1804//
f 1803// 1804// 1802//
f 1802// 1804// 1805//
f 1802// 1805// 1801//
f 1801// 1805// 1806//
f 1801// 1806// 1800//
f 1800// 1806// 1807//
f 1800// 1807// 1799//
f 1799// 1807// 1808//
f 1788// 1785// 1804//
f 1804// 1785// 1797//
f 1804// 1797// 1805//
f 1805// 1797// 1795//
f 1805// 1795// 1806//
f 1806// 1795// 1793//
f 1806// 1793// 1807//
f 1807// 1793// 1791//
f 1807// 1791// 1808//
f 1808// 1791// 1790//
f 1761// 1790// 1762//
f 1762// 1790// 1789//
f 1762// 1789// 1764//
f 1764// 1789// 1799//
f 1764// 1799// 1763//
f 1763// 1799// 1808//
f 1808// 1790// 1763//
f 1763// 1790// 1761//
f 1809// 1810// 1811//
f 1811// 1810// 1812//
f 83// 80// 1813//
f 1813// 80// 1814//
f 1813// 1814// 1815//
f 1815// 1814// 1816//
f 1815// 1816// 1817//
f 1817// 1816// 1818//
f 1817// 1818// 1819//
f 1819// 1818// 1820//
f 1819// 1820// 1821//
f 1821// 1820// 1822//
f 80// 78// 1814//
f 1814// 78// 1823//
f 1814// 1823// 1816//
f 1816// 1823// 1824//
f 1816// 1824// 1818//
f 1818// 1824// 1825//
f 1818// 1825// 1820//
f 1820// 1825// 1826//
f 1820// 1826// 1822//
f 1822// 1826// 1827//
f 1828// 1827// 1826//
f 1828// 1826// 1829//
f 1829// 1826// 1825//
f 1829// 1825// 1830//
f 1830// 1825// 1824//
f 1830// 1824// 1831//
f 1831// 1824// 1823//
f 1831// 1823// 1832//
f 1832// 1823// 78//
f 1832// 78// 81//
f 1821// 1828// 1819//
f 1819// 1828// 1829//
f 1819// 1829// 1817//
f 1817// 1829// 1830//
f 1817// 1830// 1815//
f 1815// 1830// 1831//
f 1815// 1831// 1813//
f 1813// 1831// 1832//
f 1813// 1832// 83//
f 83// 1832// 81//
f 1833// 1821// 1834//
f 1834// 1821// 1822//
f 1834// 1822// 1835//
f 1835// 1822// 1827//
f 1835// 1827// 1836//
f 1836// 1827// 1828//
f 1828// 1821// 1836//
f 1836// 1821// 1833//
f 1837// 1838// 1839//
f 1837// 1839// 1840//
f 1840// 1839// 1841//
f 1840// 1841// 1842//
f 1842// 1841// 1843//
f 1842// 1843// 1844//
f 1844// 1843// 1845//
f 1844// 1845// 1846//
f 1846// 1845// 1833//
f 1846// 1833// 1834//
f 1847// 1837// 1848//
f 1848// 1837// 1840//
f 1848// 1840// 1849//
f 1849// 1840// 1842//
f 1849// 1842// 1850//
f 1850// 1842// 1844//
f 1850// 1844// 1851//
f 1851// 1844// 1846//
f 1851// 1846// 1835//
f 1835// 1846// 1834//
f 1835// 1836// 1851//
f 1851// 1836// 1852//
f 1851// 1852// 1850//
f 1850// 1852// 1853//
f 1850// 1853// 1849//
f 1849// 1853// 1854//
f 1849// 1854// 1848//
f 1848// 1854// 1855//
f 1848// 1855// 1847//
f 1847// 1855// 1856//
f 1836// 1833// 1852//
f 1852// 1833// 1845//
f 1852// 1845// 1853//
f 1853// 1845// 1843//
f 1853// 1843// 1854//
f 1854// 1843// 1841//
f 1854// 1841// 1855//
f 1855// 1841// 1839//
f 1855// 1839// 1856//
f 1856// 1839// 1838//
f 1809// 1838// 1810//
f 1810// 1838// 1837//
f 1810// 1837// 1812//
f 1812// 1837// 1847//
f 1812// 1847// 1811//
f 1811// 1847// 1856//
f 1856// 1838// 1811//
f 1811// 1838// 1809//
f 1857// 1858// 1859//
f 1859// 1858// 1860//
f 79// 76// 1861//
f 1861// 76// 1862//
f 1861// 1862// 1863//
f 1863// 1862// 1864//
f 1863// 1864// 1865//
f 1865// 1864// 1866//
f 1865// 1866// 1867//
f 1867// 1866// 1868//
f 1867// 1868// 1869//
f 1869// 1868// 1870//
f 76// 74// 1862//
f 1862// 74// 1871//
f 1862// 1871// 1864//
f 1864// 1871// 1872//
f 1864// 1872// 1866//
f 1866// 1872// 1873//
f 1866// 1873// 1868//
f 1868// 1873// 1874//
f 1868// 1874// 1870//
f 1870// 1874// 1875//
f 1876// 1875// 1874//
f 1876// 1874// 1877//
f 1877// 1874// 1873//
f 1877// 1873// 1878//
f 1878// 1873// 1872//
f 1878// 1872// 1879//
f 1879// 1872// 1871//
f 1879// 1871// 1880//
f 1880// 1871// 74//
f 1880// 74// 77//
f 1869// 1876// 1867//
f 1867// 1876// 1877//
f 1867// 1877// 1865//
f 1865// 1877// 1878//
f 1865// 1878// 1863//
f 1863// 1878// 1879//
f 1863// 1879// 1861//
f 1861// 1879// 1880//
f 1861// 1880// 79//
f 79// 1880// 77//
f 1881// 1869// 1882//
f 1882// 1869// 1870//
f 1882// 1870// 1883//
f 1883// 1870// 1875//
f 1883// 1875// 1884//
f 1884// 1875// 1876//
f 1876// 1869// 1884//
f 1884// 1869// 1881//
f 1885// 1886// 1887//
f 1885// 1887// 1888//
f 1888// 1887// 1889//
f 1888// 1889// 1890//
f 1890// 1889// 1891//
f 1890// 1891// 1892//
f 1892// 1891// 1893//
f 1892// 1893// 1894//
f 1894// 1893// 1881//
f 1894// 1881// 1882//
f 1895// 1885// 1896//
f 1896// 1885// 1888//
f 1896// 1888// 1897//
f 1897// 1888// 1890//
f 1897// 1890// 1898//
f 1898// 1890// 1892//
f 1898// 1892// 1899//
f 1899// 1892// 1894//
f 1899// 1894// 1883//
f 1883// 1894// 1882//
f 1883// 1884// 1899//
f 1899// 1884// 1900//
f 1899// 1900// 1898//
f 1898// 1900// 1901//
f 1898// 1901// 1897//
f 1897// 1901// 1902//
f 1897// 1902// 1896//
f 1896// 1902// 1903//
f 1896// 1903// 1895//
f 1895// 1903// 1904//
f 1884// 1881// 1900//
f 1900// 1881// 1893//
f 1900// 1893// 1901//
f 1901// 1893// 1891//
f 1901// 1891// 1902//
f 1902// 1891// 1889//
f 1902// 1889// 1903//
f 1903// 1889// 1887//
f 1903// 1887// 1904//
f 1904// 1887// 1886//
f 1857// 1886// 1858//
f 1858// 1886// 1885//
f 1858// 1885// 1860//
f 1860// 1885// 1895//
f 1860// 1895// 1859//
f 1859// 1895// 1904//
f 1904// 1886// 1859//
f 1859// 1886// 1857//
f 1905// 1906// 1907//
f 1907// 1906// 1908//
f 75// 72// 1909//
f 1909// 72// 1910//
f 1909// 1910// 1911//
f 1911// 1910// 1912//
f 1911// 1912// 1913//
f 1913// 1912// 1914//
f 1913// 1914// 1915//
f 1915// 1914// 1916//
f 1915// 1916// 1917//
f 1917// 1916// 1918//
f 72// 70// 1910//
f 1910// 70// 1919//
f 1910// 1919// 1912//
f 1912// 1919// 1920//
f 1912// 1920// 1914//
f 1914// 1920// 1921//
f 1914// 1921// 1916//
f 1916// 1921// 1922//
f 1916// 1922// 1918//
f 1918// 1922// 1923//
f 1924// 1923// 1922//
f 1924// 1922// 1925//
f 1925// 1922// 1921//
f 1925// 1921// 1926//
f 1926// 1921// 1920//
f 1926// 1920// 1927//
f 1927// 1920// 1919//
f 1927// 1919// 1928//
f 1928// 1919// 70//
f 1928// 70// 73//
f 1917// 1924// 1915//
f 1915// 1924// 1925//
f 1915// 1925// 1913//
f 1913// 1925// 1926//
f 1913// 1926// 1911//
f 1911// 1926// 1927//
f 1911// 1927// 1909//
f 1909// 1927// 1928//
f 1909// 1928// 75//
f 75// 1928// 73//
f 1929// 1917// 1930//
f 1930// 1917// 1918//
f 1930// 1918// 1931//
f 1931// 1918// 1923//
f 1931// 1923// 1932//
f 1932// 1923// 1924//
f 1924// 1917// 1932//
f 1932// 1917// 1929//
f 1933// 1934// 1935//
f 1933// 1935// 1936//
f 1936// 1935// 1937//
f 1936// 1937// 1938//
f 1938// 1937// 1939//
f 1938// 1939// 1940//
f 1940// 1939// 1941//
f 1940// 1941// 1942//
f 1942// 1941// 1929//
f 1942// 1929// 1930//
f 1943// 1933// 1944//
f 1944// 1933// 1936//
f 1944// 1936// 1945//
f 1945// 1936// 1938//
f 1945// 1938// 1946//
f 1946// 1938// 1940//
f 1946// 1940// 1947//
f 1947// 1940// 1942//
f 1947// 1942// 1931//
f 1931// 1942// 1930//
f 1931// 1932// 1947//
f 1947// 1932// 1948//
f 1947// 1948// 1946//
f 1946// 1948// 1949//
f 1946// 1949// 1945//
f 1945// 1949// 1950//
f 1945// 1950// 1944//
f 1944// 1950// 1951//
f 1944// 1951// 1943//
f 1943// 1951// 1952//
f 1932// 1929// 1948//
f 1948// 1929// 1941//
f 1948// 1941// 1949//
f 1949// 1941// 1939//
f 1949// 1939// 1950//
f 1950// 1939// 1937//
f 1950// 1937// 1951//
f 1951// 1937// 1935//
f 1951// 1935// 1952//
f 1952// 1935// 1934//
f 1905// 1934// 1906//
f 1906// 1934// 1933//
f 1906// 1933// 1908//
f 1908// 1933// 1943//
f 1908// 1943// 1907//
f 1907// 1943// 1952//
f 1952// 1934// 1907//
f 1907// 1934// 1905//
f 1953// 1954// 1955//
f 1955// 1954// 1956//
f 71// 68// 1957//
f 1957// 68// 1958//
f 1957// 1958// 1959//
f 1959// 1958// 1960//
f 1959// 1960// 1961//
f 1961// 1960// 1962//
f 1961// 1962// 1963//
f 1963// 1962// 1964//
f 1963// 1964// 1965//
f 1965// 1964// 1966//
f 68// 66// 1958//
f 1958// 66// 1967//
f 1958// 1967// 1960//
f 1960// 1967// 1968//
f 1960// 1968// 1962//
f 1962// 1968// 1969//
f 1962// 1969// 1964//
f 1964// 1969// 1970//
f 1964// 1970// 1966//
f 1966// 1970// 1971//
f 1972// 1971// 1970//
f 1972// 1970// 1973//
f 1973// 1970// 1969//
f 1973// 1969// 1974//
f 1974// 1969// 1968//
f 1974// 1968// 1975//
f 1975// 1968// 1967//
f 1975// 1967// 1976//
f 1976// 1967// 66//
f 1976// 66// 69//
f 1965// 1972// 1963//
f 1963// 1972// 1973//
f 1963// 1973// 1961//
f 1961// 1973// 1974//
f 1961// 1974// 1959//
f 1959// 1974// 1975//
f 1959// 1975// 1957//
f 1957// 1975// 1976//
f 1957// 1976// 71//
f 71// 1976// 69//
f 1977// 1965// 1978//
f 1978// 1965// 1966//
f 1978// 1966// 1979//
f 1979// 1966// 1971//
f 1979// 1971// 1980//
f 1980// 1971// 1972//
f 1972// 1965// 1980//
f 1980// 1965// 1977//
f 1981// 1982// 1983//
f 1981// 1983// 1984//
f 1984// 1983// 1985//
f 1984// 1985// 1986//
f 1986// 1985// 1987//
f 1986// 1987// 1988//
f 1988// 1987// 1989//
f 1988// 1989// 1990//
f 1990// 1989// 1977//
f 1990// 1977// 1978//
f 1991// 1981// 1992//
f 1992// 1981// 1984//
f 1992// 1984// 1993//
f 1993// 1984// 1986//
f 1993// 1986// 1994//
f 1994// 1986// 1988//
f 1994// 1988// 1995//
f 1995// 1988// 1990//
f 1995// 1990// 1979//
f 1979// 1990// 1978//
f 1979// 1980// 1995//
f 1995// 1980// 1996//
f 1995// 1996// 1994//
f 1994// 1996// 1997//
f 1994// 1997// 1993//
f 1993// 1997// 1998//
f 1993// 1998// 1992//
f 1992// 1998// 1999//
f 1992// 1999// 1991//
f 1991// 1999// 2000//
f 1980// 1977// 1996//
f 1996// 1977// 1989//
f 1996// 1989// 1997//
f 1997// 1989// 1987//
f 1997// 1987// 1998//
f 1998// 1987// 1985//
f 1998// 1985// 1999//
f 1999// 1985// 1983//
f 1999// 1983// 2000//
f 2000// 1983// 1982//
f 1953// 1982// 1954//
f 1954// 1982// 1981//
f 1954// 1981// 1956//
f 1956// 1981// 1991//
f 1956// 1991// 1955//
f 1955// 1991// 2000//
f 2000// 1982// 1955//
f 1955// 1982// 1953//
f 2001// 2002// 2003//
f 2003// 2002// 2004//
f 67// 64// 2005//
f 2005// 64// 2006//
f 2005// 2006// 2007//
f 2007// 2006// 2008//
f 2007// 2008// 2009//
f 2009// 2008// 2010//
f 2009// 2010// 2011//
f 2011// 2010// 2012//
f 2011// 2012// 2013//
f 2013// 2012// 2014//
f 64// 62// 2006//
f 2006// 62// 2015//
f 2006// 2015// 2008//
f 2008// 2015// 2016//
f 2008// 2016// 2010//
f 2010// 2016// 2017//
f 2010// 2017// 2012//
f 2012// 2017// 2018//
f 2012// 2018// 2014//
f 2014// 2018// 2019//
f 2020// 2019// 2018//
f 2020// 2018// 2021//
f 2021// 2018// 2017//
f 2021// 2017// 2022//
f 2022// 2017// 2016//
f 2022// 2016// 2023//
f 2023// 2016// 2015//
f 2023// 2015// 2024//
f 2024// 2015// 62//
f 2024// 62// 65//
f 2013// 2020// 2011//
f 2011// 2020// 2021//
f 2011// 2021// 2009//
f 2009// 2021// 2022//
f 2009// 2022// 2007//
f 2007// 2022// 2023//
f 2007// 2023// 2005//
f 2005// 2023// 2024//
f 2005// 2024// 67//
f 67// 2024// 65//
f 2025// 2013// 2026//
f 2026// 2013// 2014//
f 2026// 2014// 2027//
f 2027// 2014// 2019//
f 2027// 2019// 2028//
f 2028// 2019// 2020//
f 2020// 2013// 2028//
f 2028// 2013// 2025//
f 2029// 2030// 2031//
f 2029// 2031// 2032//
f 2032// 2031// 2033//
f 2032// 2033// 2034//
f 2034// 2033// 2035//
f 2034// 2035// 2036//
f 2036// 2035// 2037//
f 2036// 2037// 2038//
f 2038// 2037// 2025//
f 2038// 2025// 2026//
f 2039// 2029// 2040//
f 2040// 2029// 2032//
f 2040// 2032// 2041//
f 2041// 2032// 2034//
f 2041// 2034// 2042//
f 2042// 2034// 2036//
f 2042// 2036// 2043//
f 2043// 2036// 2038//
f 2043// 2038// 2027//
f 2027// 2038// 2026//
f 2027// 2028// 2043//
f 2043// 2028// 2044//
f 2043// 2044// 2042//
f 2042// 2044// 2045//
f 2042// 2045// 2041//
f 2041// 2045// 2046//
f 2041// 2046// 2040//
f 2040// 2046// 2047//
f 2040// 2047// 2039//
f 2039// 2047// 2048//
f 2028// 2025// 2044//
f 2044// 2025// 2037//
f 2044// 2037// 2045//
f 2045// 2037// 2035//
f 2045// 2035// 2046//
f 2046// 2035// 2033//
f 2046// 2033// 2047//
f 2047// 2033// 2031//
f 2047// 2031// 2048//
f 2048// 2031// 2030//
f 2001// 2030// 2002//
f 2002// 2030// 2029//
f 2002// 2029// 2004//
f 2004// 2029// 2039//
f 2004// 2039// 2003//
f 2003// 2039// 2048//
f 2048// 2030// 2003//
f 2003// 2030// 2001//
f 2049// 2050// 2051//
f 2051// 2050// 2052//
f 63// 60// 2053//
f 2053// 60// 2054//
f 2053// 2054// 2055//
f 2055// 2054// 2056//
f 2055// 2056// 2057//
f 2057// 2056// 2058//
f 2057// 2058// 2059//
f 2059// 2058// 2060//
f 2059// 2060// 2061//
f 2061// 2060// 2062//
f 60// 58// 2054//
f 2054// 58// 2063//
f 2054// 2063// 2056//
f 2056// 2063// 2064//
f 2056// 2064// 2058//
f 2058// 2064// 2065//
f 2058// 2065// 2060//
f 2060// 2065// 2066//
f 2060// 2066// 2062//
f 2062// 2066// 2067//
f 2068// 2067// 2066//
f 2068// 2066// 2069//
f 2069// 2066// 2065//
f 2069// 2065// 2070//
f 2070// 2065// 2064//
f 2070// 2064// 2071//
f 2071// 2064// 2063//
f 2071// 2063// 2072//
f 2072// 2063// 58//
f 2072// 58// 61//
f 2061// 2068// 2059//
f 2059// 2068// 2069//
f 2059// 2069// 2057//
f 2057// 2069// 2070//
f 2057// 2070// 2055//
f 2055// 2070// 2071//
f 2055// 2071// 2053//
f 2053// 2071// 2072//
f 2053// 2072// 63//
f 63// 2072// 61//
f 2073// 2061// 2074//
f 2074// 2061// 2062//
f 2074// 2062// 2075//
f 2075// 2062// 2067//
f 2075// 2067// 2076//
f 2076// 2067// 2068//
f 2068// 2061// 2076//
f 2076// 2061// 2073//
f 2077// 2078// 2079//
f 2077// 2079// 2080//
f 2080// 2079// 2081//
f 2080// 2081// 2082//
f 2082// 2081// 2083//
f 2082// 2083// 2084//
f 2084// 2083// 2085//
f 2084// 2085// 2086//
f 2086// 2085// 2073//
f 2086// 2073// 2074//
f 2087// 2077// 2088//
f 2088// 2077// 2080//
f 2088// 2080// 2089//
f 2089// 2080// 2082//
f 2089// 2082// 2090//
f 2090// 2082// 2084//
f 2090// 2084// 2091//
f 2091// 2084// 2086//
f 2091// 2086// 2075//
f 2075// 2086// 2074//
f 2075// 2076// 2091//
f 2091// 2076// 2092//
f 2091// 2092// 2090//
f 2090// 2092// 2093//
f 2090// 2093// 2089//
f 2089// 2093// 2094//
f 2089// 2094// 2088//
f 2088// 2094// 2095//
f 2088// 2095// 2087//
f 2087// 2095// 2096//
f 2076// 2073// 2092//
f 2092// 2073// 2085//
f 2092// 2085// 2093//
f 2093// 2085// 2083//
f 2093// 2083// 2094//
f 2094// 2083// 2081//
f 2094// 2081// 2095//
f 2095// 2081// 2079//
f 2095// 2079// 2096//
f 2096// 2079// 2078//
f 2049// 2078// 2050//
f 2050// 2078// 2077//
f 2050// 2077// 2052//
f 2052// 2077// 2087//
f 2052// 2087// 2051//
f 2051// 2087// 2096//
f 2096// 2078// 2051//
f 2051// 2078// 2049//
f 2097// 2098// 2099//
f 2099// 2098// 2100//
f 59// 56// 2101//
f 2101// 56// 2102//
f 2101// 2102// 2103//
f 2103// 2102// 2104//
f 2103// 2104// 2105//
f 2105// 2104// 2106//
f 2105// 2106// 2107//
f 2107// 2106// 2108//
f 2107// 2108// 2109//
f 2109// 2108// 2110//
f 56// 54// 2102//
f 2102// 54// 2111//
f 2102// 2111// 2104//
f 2104// 2111// 2112//
f 2104// 2112// 2106//
f 2106// 2112// 2113//
f 2106// 2113// 2108//
f 2108// 2113// 2114//
f 2108// 2114// 2110//
f 2110// 2114// 2115//
f 2116// 2115// 2114//
f 2116// 2114// 2117//
f 2117// 2114// 2113//
f 2117// 2113// 2118//
f 2118// 2113// 2112//
f 2118// 2112// 2119//
f 2119// 2112// 2111//
f 2119// 2111// 2120//
f 2120// 2111// 54//
f 2120// 54// 57//
f 2109// 2116// 2107//
f 2107// 2116// 2117//
f 2107// 2117// 2105//
f 2105// 2117// 2118//
f 2105// 2118// 2103//
f 2103// 2118// 2119//
f 2103// 2119// 2101//
f 2101// 2119// 2120//
f 2101// 2120// 59//
f 59// 2120// 57//
f 2121// 2109// 2122//
f 2122// 2109// 2110//
f 2122// 2110// 2123//
f 2123// 2110// 2115//
f 2123// 2115// 2124//
f 2124// 2115// 2116//
f 2116// 2109// 2124//
f 2124// 2109// 2121//
f 2125// 2126// 2127//
f 2125// 2127// 2128//
f 2128// 2127// 2129//
f 2128// 2129// 2130//
f 2130// 2129// 2131//
f 2130// 2131// 2132//
f 2132// 2131// 2133//
f 2132// 2133// 2134//
f 2134// 2133// 2121//
f 2134// 2121// 2122//
f 2135// 2125// 2136//
f 2136// 2125// 2128//
f 2136// 2128// 2137//
f 2137// 2128// 2130//
f 2137// 2130// 2138//
f 2138// 2130// 2132//
f 2138// 2132// 2139//
f 2139// 2132// 2134//
f 2139// 2134// 2123//
f 2123// 2134// 2122//
f 2123// 2124// 2139//
f 2139// 2124// 2140//
f 2139// 2140// 2138//
f 2138// 2140// 2141//
f 2138// 2141// 2137//
f 2137// 2141// 2142//
f 2137// 2142// 2136//
f 2136// 2142// 2143//
f 2136// 2143// 2135//
f 2135// 2143// 2144//
f 2124// 2121// 2140//
f 2140// 2121// 2133//
f 2140// 2133// 2141//
f 2141// 2133// 2131//
f 2141// 2131// 2142//
f 2142// 2131// 2129//
f 2142// 2129// 2143//
f 2143// 2129// 2127//
f 2143// 2127// 2144//
f 2144// 2127// 2126//
f 2097// 2126// 2098//
f 2098// 2126// 2125//
f 2098// 2125// 2100//
f 2100// 2125// 2135//
f 2100// 2135// 2099//
f 2099// 2135// 2144//
f 2144// 2126// 2099//
f 2099// 2126// 2097//
f 2145// 2146// 2147//
f 2147// 2146// 2148//
f 55// 49// 2149//
f 2149// 49// 2150//
f 2149// 2150// 2151//
f 2151// 2150// 2152//
f 2151// 2152// 2153//
f 2153// 2152// 2154//
f 2153// 2154// 2155//
f 2155// 2154// 2156//
f 2155// 2156// 2157//
f 2157// 2156// 2158//
f 49// 51// 2150//
f 2150// 51// 2159//
f 2150// 2159// 2152//
f 2152// 2159// 2160//
f 2152// 2160// 2154//
f 2154// 2160// 2161//
f 2154// 2161// 2156//
f 2156// 2161// 2162//
f 2156// 2162// 2158//
f 2158// 2162// 2163//
f 2164// 2163// 2162//
f 2164// 2162// 2165//
f 2165// 2162// 2161//
f 2165// 2161// 2166//
f 2166// 2161// 2160//
f 2166// 2160// 2167//
f 2167// 2160// 2159//
f 2167// 2159// 2168//
f 2168// 2159// 51//
f 2168// 51// 53//
f 2157// 2164// 2155//
f 2155// 2164// 2165//
f 2155// 2165// 2153//
f 2153// 2165// 2166//
f 2153// 2166// 2151//
f 2151// 2166// 2167//
f 2151// 2167// 2149//
f 2149// 2167// 2168//
f 2149// 2168// 55//
f 55// 2168// 53//
f 2169// 2157// 2170//
f 2170// 2157// 2158//
f 2170// 2158// 2171//
f 2171// 2158// 2163//
f 2171// 2163// 2172//
f 2172// 2163// 2164//
f 2164// 2157// 2172//
f 2172// 2157// 2169//
f 2173// 2174// 2175//
f 2173// 2175// 2176//
f 2176// 2175// 2177//
f 2176// 2177// 2178//
f 2178// 2177// 2179//
f 2178// 2179// 2180//
f 2180// 2179// 2181//
f 2180// 2181// 2182//
f 2182// 2181// 2169//
f 2182// 2169// 2170//
f 2183// 2173// 2184//
f 2184// 2173// 2176//
f 2184// 2176// 2185//
f 2185// 2176// 2178//
f 2185// 2178// 2186//
f 2186// 2178// 2180//
f 2186// 2180// 2187//
f 2187// 2180// 2182//
f 2187// 2182// 2171//
f 2171// 2182// 2170//
f 2171// 2172// 2187//
f 2187// 2172// 2188//
f 2187// 2188// 2186//
f 2186// 2188// 2189//
f 2186// 2189// 2185//
f 2185// 2189// 2190//
f 2185// 2190// 2184//
f 2184// 2190// 2191//
f 2184// 2191// 2183//
f 2183// 2191// 2192//
f 2172// 2169// 2188//
f 2188// 2169// 2181//
f 2188// 2181// 2189//
f 2189// 2181// 2179//
f 2189// 2179// 2190//
f 2190// 2179// 2177//
f 2190// 2177// 2191//
f 2191// 2177// 2175//
f 2191// 2175// 2192//
f 2192// 2175// 2174//
f 2145// 2174// 2146//
f 2146// 2174// 2173//
f 2146// 2173// 2148//
f 2148// 2173// 2183//
f 2148// 2183// 2147//
f 2147// 2183// 2192//
f 2192// 2174// 2147//
f 2147// 2174// 2145//
f 2193// 2194// 2195//
f 2195// 2194// 2196//
f 2197// 2198// 2199//
f 2197// 2199// 2200//
f 2200// 2199// 2201//
f 2200// 2201// 2202//
f 2202// 2201// 2203//
f 2202// 2203// 2204//
f 2204// 2203// 2205//
f 2204// 2205// 2206//
f 2206// 2205// 519//
f 2206// 519// 48//
f 2207// 2197// 2208//
f 2208// 2197// 2200//
f 2208// 2200// 2209//
f 2209// 2200// 2202//
f 2209// 2202// 2210//
f 2210// 2202// 2204//
f 2210// 2204// 2211//
f 2211// 2204// 2206//
f 2211// 2206// 46//
f 46// 2206// 48//
f 46// 517// 2211//
f 2211// 517// 2212//
f 2211// 2212// 2210//
f 2210// 2212// 2213//
f 2210// 2213// 2209//
f 2209// 2213// 2214//
f 2209// 2214// 2208//
f 2208// 2214// 2215//
f 2208// 2215// 2207//
f 2207// 2215// 2216//
f 517// 519// 2212//
f 2212// 519// 2205//
f 2212// 2205// 2213//
f 2213// 2205// 2203//
f 2213// 2203// 2214//
f 2214// 2203// 2201//
f 2214// 2201// 2215//
f 2215// 2201// 2199//
f 2215// 2199// 2216//
f 2216// 2199// 2198//
f 2217// 2198// 2218//
f 2218// 2198// 2197//
f 2218// 2197// 2219//
f 2219// 2197// 2207//
f 2219// 2207// 2220//
f 2220// 2207// 2216//
f 2216// 2198// 2220//
f 2220// 2198// 2217//
f 2217// 2218// 2221//
f 2221// 2218// 2222//
f 2221// 2222// 2223//
f 2223// 2222// 2224//
f 2223// 2224// 2225//
f 2225// 2224// 2226//
f 2225// 2226// 2227//
f 2227// 2226// 2228//
f 2227// 2228// 2229//
f 2229// 2228// 2230//
f 2218// 2219// 2222//
f 2222// 2219// 2231//
f 2222// 2231// 2224//
f 2224// 2231// 2232//
f 2224// 2232// 2226//
f 2226// 2232// 2233//
f 2226// 2233// 2228//
f 2228// 2233// 2234//
f 2228// 2234// 2230//
f 2230// 2234// 2235//
f 2236// 2235// 2234//
f 2236// 2234// 2237//
f 2237// 2234// 2233//
f 2237// 2233// 2238//
f 2238// 2233// 2232//
f 2238// 2232// 2239//
f 2239// 2232// 2231//
f 2239// 2231// 2240//
f 2240// 2231// 2219//
f 2240// 2219// 2220//
f 2229// 2236// 2227//
f 2227// 2236// 2237//
f 2227// 2237// 2225//
f 2225// 2237// 2238//
f 2225// 2238// 2223//
f 2223// 2238// 2239//
f 2223// 2239// 2221//
f 2221// 2239// 2240//
f 2221// 2240// 2217//
f 2217// 2240// 2220//
f 2196// 2229// 2195//
f 2195// 2229// 2230//
f 2195// 2230// 2193//
f 2193// 2230// 2235//
f 2193// 2235// 2194//
f 2194// 2235// 2236//
f 2236// 2229// 2194//
f 2194// 2229// 2196//
f 2241// 2242// 2243//
f 2243// 2242// 2244//
f 2245// 2246// 2247//
f 2245// 2247// 2248//
f 2248// 2247// 2249//
f 2248// 2249// 2250//
f 2250// 2249// 2251//
f 2250// 2251// 2252//
f 2252// 2251// 2253//
f 2252// 2253// 2254//
f 2254// 2253// 47//
f 2254// 47// 44//
f 2255// 2245// 2256//
f 2256// 2245// 2248//
f 2256// 2248// 2257//
f 2257// 2248// 2250//
f 2257// 2250// 2258//
f 2258// 2250// 2252//
f 2258// 2252// 2259//
f 2259// 2252// 2254//
f 2259// 2254// 42//
f 42// 2254// 44//
f 42// 45// 2259//
f 2259// 45// 2260//
f 2259// 2260// 2258//
f 2258// 2260// 2261//
f 2258// 2261// 2257//
f 2257// 2261// 2262//
f 2257// 2262// 2256//
f 2256// 2262// 2263//
f 2256// 2263// 2255//
f 2255// 2263// 2264//
f 45// 47// 2260//
f 2260// 47// 2253//
f 2260// 2253// 2261//
f 2261// 2253// 2251//
f 2261// 2251// 2262//
f 2262// 2251// 2249//
f 2262// 2249// 2263//
f 2263// 2249// 2247//
f 2263// 2247// 2264//
f 2264// 2247// 2246//
f 2265// 2246// 2266//
f 2266// 2246// 2245//
f 2266// 2245// 2267//
f 2267// 2245// 2255//
f 2267// 2255// 2268//
f 2268// 2255// 2264//
f 2264// 2246// 2268//
f 2268// 2246// 2265//
f 2265// 2266// 2269//
f 2269// 2266// 2270//
f 2269// 2270// 2271//
f 2271// 2270// 2272//
f 2271// 2272// 2273//
f 2273// 2272// 2274//
f 2273// 2274// 2275//
f 2275// 2274// 2276//
f 2275// 2276// 2277//
f 2277// 2276// 2278//
f 2266// 2267// 2270//
f 2270// 2267// 2279//
f 2270// 2279// 2272//
f 2272// 2279// 2280//
f 2272// 2280// 2274//
f 2274// 2280// 2281//
f 2274// 2281// 2276//
f 2276// 2281// 2282//
f 2276// 2282// 2278//
f 2278// 2282// 2283//
f 2284// 2283// 2282//
f 2284// 2282// 2285//
f 2285// 2282// 2281//
f 2285// 2281// 2286//
f 2286// 2281// 2280//
f 2286// 2280// 2287//
f 2287// 2280// 2279//
f 2287// 2279// 2288//
f 2288// 2279// 2267//
f 2288// 2267// 2268//
f 2277// 2284// 2275//
f 2275// 2284// 2285//
f 2275// 2285// 2273//
f 2273// 2285// 2286//
f 2273// 2286// 2271//
f 2271// 2286// 2287//
f 2271// 2287// 2269//
f 2269// 2287// 2288//
f 2269// 2288// 2265//
f 2265// 2288// 2268//
f 2244// 2277// 2243//
f 2243// 2277// 2278//
f 2243// 2278// 2241//
f 2241// 2278// 2283//
f 2241// 2283// 2242//
f 2242// 2283// 2284//
f 2284// 2277// 2242//
f 2242// 2277// 2244//
f 2289// 2290// 2291//
f 2291// 2290// 2292//
f 2293// 2294// 2295//
f 2293// 2295// 2296//
f 2296// 2295// 2297//
f 2296// 2297// 2298//
f 2298// 2297// 2299//
f 2298// 2299// 2300//
f 2300// 2299// 2301//
f 2300// 2301// 2302//
f 2302// 2301// 43//
f 2302// 43// 40//
f 2303// 2293// 2304//
f 2304// 2293// 2296//
f 2304// 2296// 2305//
f 2305// 2296// 2298//
f 2305// 2298// 2306//
f 2306// 2298// 2300//
f 2306// 2300// 2307//
f 2307// 2300// 2302//
f 2307// 2302// 38//
f 38// 2302// 40//
f 38// 41// 2307//
f 2307// 41// 2308//
f 2307// 2308// 2306//
f 2306// 2308// 2309//
f 2306// 2309// 2305//
f 2305// 2309// 2310//
f 2305// 2310// 2304//
f 2304// 2310// 2311//
f 2304// 2311// 2303//
f 2303// 2311// 2312//
f 41// 43// 2308//
f 2308// 43// 2301//
f 2308// 2301// 2309//
f 2309// 2301// 2299//
f 2309// 2299// 2310//
f 2310// 2299// 2297//
f 2310// 2297// 2311//
f 2311// 2297// 2295//
f 2311// 2295// 2312//
f 2312// 2295// 2294//
f 2313// 2294// 2314//
f 2314// 2294// 2293//
f 2314// 2293// 2315//
f 2315// 2293// 2303//
f 2315// 2303// 2316//
f 2316// 2303// 2312//
f 2312// 2294// 2316//
f 2316// 2294// 2313//
f 2313// 2314// 2317//
f 2317// 2314// 2318//
f 2317// 2318// 2319//
f 2319// 2318// 2320//
f 2319// 2320// 2321//
f 2321// 2320// 2322//
f 2321// 2322// 2323//
f 2323// 2322// 2324//
f 2323// 2324// 2325//
f 2325// 2324// 2326//
f 2314// 2315// 2318//
f 2318// 2315// 2327//
f 2318// 2327// 2320//
f 2320// 2327// 2328//
f 2320// 2328// 2322//
f 2322// 2328// 2329//
f 2322// 2329// 2324//
f 2324// 2329// 2330//
f 2324// 2330// 2326//
f 2326// 2330// 2331//
f 2332// 2331// 2330//
f 2332// 2330// 2333//
f 2333// 2330// 2329//
f 2333// 2329// 2334//
f 2334// 2329// 2328//
f 2334// 2328// 2335//
f 2335// 2328// 2327//
f 2335// 2327// 2336//
f 2336// 2327// 2315//
f 2336// 2315// 2316//
f 2325// 2332// 2323//
f 2323// 2332// 2333//
f 2323// 2333// 2321//
f 2321// 2333// 2334//
f 2321// 2334// 2319//
f 2319// 2334// 2335//
f 2319// 2335// 2317//
f 2317// 2335// 2336//
f 2317// 2336// 2313//
f 2313// 2336// 2316//
f 2292// 2325// 2291//
f 2291// 2325// 2326//
f 2291// 2326// 2289//
f 2289// 2326// 2331//
f 2289// 2331// 2290//
f 2290// 2331// 2332//
f 2332// 2325// 2290//
f 2290// 2325// 2292//
f 2337// 2338// 2339//
f 2339// 2338// 2340//
f 2341// 2342// 2343//
f 2341// 2343// 2344//
f 2344// 2343// 2345//
f 2344// 2345// 2346//
f 2346// 2345// 2347//
f 2346// 2347// 2348//
f 2348// 2347// 2349//
f 2348// 2349// 2350//
f 2350// 2349// 39//
f 2350// 39// 36//
f 2351// 2341// 2352//
f 2352// 2341// 2344//
f 2352// 2344// 2353//
f 2353// 2344// 2346//
f 2353// 2346// 2354//
f 2354// 2346// 2348//
f 2354// 2348// 2355//
f 2355// 2348// 2350//
f 2355// 2350// 34//
f 34// 2350// 36//
f 34// 37// 2355//
f 2355// 37// 2356//
f 2355// 2356// 2354//
f 2354// 2356// 2357//
f 2354// 2357// 2353//
f 2353// 2357// 2358//
f 2353// 2358// 2352//
f 2352// 2358// 2359//
f 2352// 2359// 2351//
f 2351// 2359// 2360//
f 37// 39// 2356//
f 2356// 39// 2349//
f 2356// 2349// 2357//
f 2357// 2349// 2347//
f 2357// 2347// 2358//
f 2358// 2347// 2345//
f 2358// 2345// 2359//
f 2359// 2345// 2343//
f 2359// 2343// 2360//
f 2360// 2343// 2342//
f 2361// 2342// 2362//
f 2362// 2342// 2341//
f 2362// 2341// 2363//
f 2363// 2341// 2351//
f 2363// 2351// 2364//
f 2364// 2351// 2360//
f 2360// 2342// 2364//
f 2364// 2342// 2361//
f 2361// 2362// 2365//
f 2365// 2362// 2366//
f 2365// 2366// 2367//
f 2367// 2366// 2368//
f 2367// 2368// 2369//
f 2369// 2368// 2370//
f 2369// 2370// 2371//
f 2371// 2370// 2372//
f 2371// 2372// 2373//
f 2373// 2372// 2374//
f 2362// 2363// 2366//
f 2366// 2363// 2375//
f 2366// 2375// 2368//
f 2368// 2375// 2376//
f 2368// 2376// 2370//
f 2370// 2376// 2377//
f 2370// 2377// 2372//
f 2372// 2377// 2378//
f 2372// 2378// 2374//
f 2374// 2378// 2379//
f 2380// 2379// 2378//
f 2380// 2378// 2381//
f 2381// 2378// 2377//
f 2381// 2377// 2382//
f 2382// 2377// 2376//
f 2382// 2376// 2383//
f 2383// 2376// 2375//
f 2383// 2375// 2384//
f 2384// 2375// 2363//
f 2384// 2363// 2364//
f 2373// 2380// 2371//
f 2371// 2380// 2381//
f 2371// 2381// 2369//
f 2369// 2381// 2382//
f 2369// 2382// 2367//
f 2367// 2382// 2383//
f 2367// 2383// 2365//
f 2365// 2383// 2384//
f 2365// 2384// 2361//
f 2361// 2384// 2364//
f 2340// 2373// 2339//
f 2339// 2373// 2374//
f 2339// 2374// 2337//
f 2337// 2374// 2379//
f 2337// 2379// 2338//
f 2338// 2379// 2380//
f 2380// 2373// 2338//
f 2338// 2373// 2340//
f 2385// 2386// 2387//
f 2387// 2386// 2388//
f 2389// 2390// 2391//
f 2389// 2391// 2392//
f 2392// 2391// 2393//
f 2392// 2393// 2394//
f 2394// 2393// 2395//
f 2394// 2395// 2396//
f 2396// 2395// 2397//
f 2396// 2397// 2398//
f 2398// 2397// 35//
f 2398// 35// 32//
f 2399// 2389// 2400//
f 2400// 2389// 2392//
f 2400// 2392// 2401//
f 2401// 2392// 2394//
f 2401// 2394// 2402//
f 2402// 2394// 2396//
f 2402// 2396// 2403//
f 2403// 2396// 2398//
f 2403// 2398// 30//
f 30// 2398// 32//
f 30// 33// 2403//
f 2403// 33// 2404//
f 2403// 2404// 2402//
f 2402// 2404// 2405//
f 2402// 2405// 2401//
f 2401// 2405// 2406//
f 2401// 2406// 2400//
f 2400// 2406// 2407//
f 2400// 2407// 2399//
f 2399// 2407// 2408//
f 33// 35// 2404//
f 2404// 35// 2397//
f 2404// 2397// 2405//
f 2405// 2397// 2395//
f 2405// 2395// 2406//
f 2406// 2395// 2393//
f 2406// 2393// 2407//
f 2407// 2393// 2391//
f 2407// 2391// 2408//
f 2408// 2391// 2390//
f 2409// 2390// 2410//
f 2410// 2390// 2389//
f 2410// 2389// 2411//
f 2411// 2389// 2399//
f 2411// 2399// 2412//
f 2412// 2399// 2408//
f 2408// 2390// 2412//
f 2412// 2390// 2409//
f 2409// 2410// 2413//
f 2413// 2410// 2414//
f 2413// 2414// 2415//
f 2415// 2414// 2416//
f 2415// 2416// 2417//
f 2417// 2416// 2418//
f 2417// 2418// 2419//
f 2419// 2418// 2420//
f 2419// 2420// 2421//
f 2421// 2420// 2422//
f 2410// 2411// 2414//
f 2414// 2411// 2423//
f 2414// 2423// 2416//
f 2416// 2423// 2424//
f 2416// 2424// 2418//
f 2418// 2424// 2425//
f 2418// 2425// 2420//
f 2420// 2425// 2426//
f 2420// 2426// 2422//
f 2422// 2426// 2427//
f 2428// 2427// 2426//
f 2428// 2426// 2429//
f 2429// 2426// 2425//
f 2429// 2425// 2430//
f 2430// 2425// 2424//
f 2430// 2424// 2431//
f 2431// 2424// 2423//
f 2431// 2423// 2432//
f 2432// 2423// 2411//
f 2432// 2411// 2412//
f 2421// 2428// 2419//
f 2419// 2428// 2429//
f 2419// 2429// 2417//
f 2417// 2429// 2430//
f 2417// 2430// 2415//
f 2415// 2430// 2431//
f 2415// 2431// 2413//
f 2413// 2431// 2432//
f 2413// 2432// 2409//
f 2409// 2432// 2412//
f 2388// 2421// 2387//
f 2387// 2421// 2422//
f 2387// 2422// 2385//
f 2385// 2422// 2427//
f 2385// 2427// 2386//
f 2386// 2427// 2428//
f 2428// 2421// 2386//
f 2386// 2421// 2388//
f 2433// 2434// 2435//
f 2435// 2434// 2436//
f 2437// 2438// 2439//
f 2437// 2439// 2440//
f 2440// 2439// 2441//
f 2440// 2441// 2442//
f 2442// 2441// 2443//
f 2442// 2443// 2444//
f 2444// 2443// 2445//
f 2444// 2445// 2446//
f 2446// 2445// 31//
f 2446// 31// 28//
f 2447// 2437// 2448//
f 2448// 2437// 2440//
f 2448// 2440// 2449//
f 2449// 2440// 2442//
f 2449// 2442// 2450//
f 2450// 2442// 2444//
f 2450// 2444// 2451//
f 2451// 2444// 2446//
f 2451// 2446// 26//
f 26// 2446// 28//
f 26// 29// 2451//
f 2451// 29// 2452//
f 2451// 2452// 2450//
f 2450// 2452// 2453//
f 2450// 2453// 2449//
f 2449// 2453// 2454//
f 2449// 2454// 2448//
f 2448// 2454// 2455//
f 2448// 2455// 2447//
f 2447// 2455// 2456//
f 29// 31// 2452//
f 2452// 31// 2445//
f 2452// 2445// 2453//
f 2453// 2445// 2443//
f 2453// 2443// 2454//
f 2454// 2443// 2441//
f 2454// 2441// 2455//
f 2455// 2441// 2439//
f 2455// 2439// 2456//
f 2456// 2439// 2438//
f 2457// 2438// 2458//
f 2458// 2438// 2437//
f 2458// 2437// 2459//
f 2459// 2437// 2447//
f 2459// 2447// 2460//
f 2460// 2447// 2456//
f 2456// 2438// 2460//
f 2460// 2438// 2457//
f 2457// 2458// 2461//
f 2461// 2458// 2462//
f 2461// 2462// 2463//
f 2463// 2462// 2464//
f 2463// 2464// 2465//
f 2465// 2464// 2466//
f 2465// 2466// 2467//
f 2467// 2466// 2468//
f 2467// 2468// 2469//
f 2469// 2468// 2470//
f 2458// 2459// 2462//
f 2462// 2459// 2471//
f 2462// 2471// 2464//
f 2464// 2471// 2472//
f 2464// 2472// 2466//
f 2466// 2472// 2473//
f 2466// 2473// 2468//
f 2468// 2473// 2474//
f 2468// 2474// 2470//
f 2470// 2474// 2475//
f 2476// 2475// 2474//
f 2476// 2474// 2477//
f 2477// 2474// 2473//
f 2477// 2473// 2478//
f 2478// 2473// 2472//
f 2478// 2472// 2479//
f 2479// 2472// 2471//
f 2479// 2471// 2480//
f 2480// 2471// 2459//
f 2480// 2459// 2460//
f 2469// 2476// 2467//
f 2467// 2476// 2477//
f 2467// 2477// 2465//
f 2465// 2477// 2478//
f 2465// 2478// 2463//
f 2463// 2478// 2479//
f 2463// 2479// 2461//
f 2461// 2479// 2480//
f 2461// 2480// 2457//
f 2457// 2480// 2460//
f 2436// 2469// 2435//
f 2435// 2469// 2470//
f 2435// 2470// 2433//
f 2433// 2470// 2475//
f 2433// 2475// 2434//
f 2434// 2475// 2476//
f 2476// 2469// 2434//
f 2434// 2469// 2436//
f 2481// 2482// 2483//
f 2483// 2482// 2484//
f 2485// 2486// 2487//
f 2485// 2487// 2488//
f 2488// 2487// 2489//
f 2488// 2489// 2490//
f 2490// 2489// 2491//
f 2490// 2491// 2492//
f 2492// 2491// 2493//
f 2492// 2493// 2494//
f 2494// 2493// 27//
f 2494// 27// 24//
f 2495// 2485// 2496//
f 2496// 2485// 2488//
f 2496// 2488// 2497//
f 2497// 2488// 2490//
f 2497// 2490// 2498//
f 2498// 2490// 2492//
f 2498// 2492// 2499//
f 2499// 2492// 2494//
f 2499// 2494// 22//
f 22// 2494// 24//
f 22// 25// 2499//
f 2499// 25// 2500//
f 2499// 2500// 2498//
f 2498// 2500// 2501//
f 2498// 2501// 2497//
f 2497// 2501// 2502//
f 2497// 2502// 2496//
f 2496// 2502// 2503//
f 2496// 2503// 2495//
f 2495// 2503// 2504//
f 25// 27// 2500//
f 2500// 27// 2493//
f 2500// 2493// 2501//
f 2501// 2493// 2491//
f 2501// 2491// 2502//
f 2502// 2491// 2489//
f 2502// 2489// 2503//
f 2503// 2489// 2487//
f 2503// 2487// 2504//
f 2504// 2487// 2486//
f 2505// 2486// 2506//
f 2506// 2486// 2485//
f 2506// 2485// 2507//
f 2507// 2485// 2495//
f 2507// 2495// 2508//
f 2508// 2495// 2504//
f 2504// 2486// 2508//
f 2508// 2486// 2505//
f 2505// 2506// 2509//
f 2509// 2506// 2510//
f 2509// 2510// 2511//
f 2511// 2510// 2512//
f 2511// 2512// 2513//
f 2513// 2512// 2514//
f 2513// 2514// 2515//
f 2515// 2514// 2516//
f 2515// 2516// 2517//
f 2517// 2516// 2518//
f 2506// 2507// 2510//
f 2510// 2507// 2519//
f 2510// 2519// 2512//
f 2512// 2519// 2520//
f 2512// 2520// 2514//
f 2514// 2520// 2521//
f 2514// 2521// 2516//
f 2516// 2521// 2522//
f 2516// 2522// 2518//
f 2518// 2522// 2523//
f 2524// 2523// 2522//
f 2524// 2522// 2525//
f 2525// 2522// 2521//
f 2525// 2521// 2526//
f 2526// 2521// 2520//
f 2526// 2520// 2527//
f 2527// 2520// 2519//
f 2527// 2519// 2528//
f 2528// 2519// 2507//
f 2528// 2507// 2508//
f 2517// 2524// 2515//
f 2515// 2524// 2525//
f 2515// 2525// 2513//
f 2513// 2525// 2526//
f 2513// 2526// 2511//
f 2511// 2526// 2527//
f 2511// 2527// 2509//
f 2509// 2527// 2528//
f 2509// 2528// 2505//
f 2505// 2528// 2508//
f 2484// 2517// 2483//
f 2483// 2517// 2518//
f 2483// 2518// 2481//
f 2481// 2518// 2523//
f 2481// 2523// 2482//
f 2482// 2523// 2524//
f 2524// 2517// 2482//
f 2482// 2517// 2484//
f 2529// 2530// 2531//
f 2531// 2530// 2532//
f 2533// 2534// 2535//
f 2533// 2535// 2536//
f 2536// 2535// 2537//
f 2536// 2537// 2538//
f 2538// 2537// 2539//
f 2538// 2539// 2540//
f 2540// 2539// 2541//
f 2540// 2541// 2542//
f 2542// 2541// 23//
f 2542// 23// 20//
f 2543// 2533// 2544//
f 2544// 2533// 2536//
f 2544// 2536// 2545//
f 2545// 2536// 2538//
f 2545// 2538// 2546//
f 2546// 2538// 2540//
f 2546// 2540// 2547//
f 2547// 2540// 2542//
f 2547// 2542// 18//
f 18// 2542// 20//
f 18// 21// 2547//
f 2547// 21// 2548//
f 2547// 2548// 2546//
f 2546// 2548// 2549//
f 2546// 2549// 2545//
f 2545// 2549// 2550//
f 2545// 2550// 2544//
f 2544// 2550// 2551//
f 2544// 2551// 2543//
f 2543// 2551// 2552//
f 21// 23// 2548//
f 2548// 23// 2541//
f 2548// 2541// 2549//
f 2549// 2541// 2539//
f 2549// 2539// 2550//
f 2550// 2539// 2537//
f 2550// 2537// 2551//
f 2551// 2537// 2535//
f 2551// 2535// 2552//
f 2552// 2535// 2534//
f 2553// 2534// 2554//
f 2554// 2534// 2533//
f 2554// 2533// 2555//
f 2555// 2533// 2543//
f 2555// 2543// 2556//
f 2556// 2543// 2552//
f 2552// 2534// 2556//
f 2556// 2534// 2553//
f 2553// 2554// 2557//
f 2557// 2554// 2558//
f 2557// 2558// 2559//
f 2559// 2558// 2560//
f 2559// 2560// 2561//
f 2561// 2560// 2562//
f 2561// 2562// 2563//
f 2563// 2562// 2564//
f 2563// 2564// 2565//
f 2565// 2564// 2566//
f 2554// 2555// 2558//
f 2558// 2555// 2567//
f 2558// 2567// 2560//
f 2560// 2567// 2568//
f 2560// 2568// 2562//
f 2562// 2568// 2569//
f 2562// 2569// 2564//
f 2564// 2569// 2570//
f 2564// 2570// 2566//
f 2566// 2570// 2571//
f 2572// 2571// 2570//
f 2572// 2570// 2573//
f 2573// 2570// 2569//
f 2573// 2569// 2574//
f 2574// 2569// 2568//
f 2574// 2568// 2575//
f 2575// 2568// 2567//
f 2575// 2567// 2576//
f 2576// 2567// 2555//
f 2576// 2555// 2556//
f 2565// 2572// 2563//
f 2563// 2572// 2573//
f 2563// 2573// 2561//
f 2561// 2573// 2574//
f 2561// 2574// 2559//
f 2559// 2574// 2575//
f 2559// 2575// 2557//
f 2557// 2575// 2576//
f 2557// 2576// 2553//
f 2553// 2576// 2556//
f 2532// 2565// 2531//
f 2531// 2565// 2566//
f 2531// 2566// 2529//
f 2529// 2566// 2571//
f 2529// 2571// 2530//
f 2530// 2571// 2572//
f 2572// 2565// 2530//
f 2530// 2565// 2532//
f 2577// 2578// 2579//
f 2579// 2578// 2580//
f 2581// 2582// 2583//
f 2581// 2583// 2584//
f 2584// 2583// 2585//
f 2584// 2585// 2586//
f 2586// 2585// 2587//
f 2586// 2587// 2588//
f 2588// 2587// 2589//
f 2588// 2589// 2590//
f 2590// 2589// 19//
f 2590// 19// 16//
f 2591// 2581// 2592//
f 2592// 2581// 2584//
f 2592// 2584// 2593//
f 2593// 2584// 2586//
f 2593// 2586// 2594//
f 2594// 2586// 2588//
f 2594// 2588// 2595//
f 2595// 2588// 2590//
f 2595// 2590// 14//
f 14// 2590// 16//
f 14// 17// 2595//
f 2595// 17// 2596//
f 2595// 2596// 2594//
f 2594// 2596// 2597//
f 2594// 2597// 2593//
f 2593// 2597// 2598//
f 2593// 2598// 2592//
f 2592// 2598// 2599//
f 2592// 2599// 2591//
f 2591// 2599// 2600//
f 17// 19// 2596//
f 2596// 19// 2589//
f 2596// 2589// 2597//
f 2597// 2589// 2587//
f 2597// 2587// 2598//
f 2598// 2587// 2585//
f 2598// 2585// 2599//
f 2599// 2585// 2583//
f 2599// 2583// 2600//
f 2600// 2583// 2582//
f 2601// 2582// 2602//
f 2602// 2582// 2581//
f 2602// 2581// 2603//
f 2603// 2581// 2591//
f 2603// 2591// 2604//
f 2604// 2591// 2600//
f 2600// 2582// 2604//
f 2604// 2582// 2601//
f 2601// 2602// 2605//
f 2605// 2602// 2606//
f 2605// 2606// 2607//
f 2607// 2606// 2608//
f 2607// 2608// 2609//
f 2609// 2608// 2610//
f 2609// 2610// 2611//
f 2611// 2610// 2612//
f 2611// 2612// 2613//
f 2613// 2612// 2614//
f 2602// 2603// 2606//
f 2606// 2603// 2615//
f 2606// 2615// 2608//
f 2608// 2615// 2616//
f 2608// 2616// 2610//
f 2610// 2616// 2617//
f 2610// 2617// 2612//
f 2612// 2617// 2618//
f 2612// 2618// 2614//
f 2614// 2618// 2619//
f 2620// 2619// 2618//
f 2620// 2618// 2621//
f 2621// 2618// 2617//
f 2621// 2617// 2622//
f 2622// 2617// 2616//
f 2622// 2616// 2623//
f 2623// 2616// 2615//
f 2623// 2615// 2624//
f 2624// 2615// 2603//
f 2624// 2603// 2604//
f 2613// 2620// 2611//
f 2611// 2620// 2621//
f 2611// 2621// 2609//
f 2609// 2621// 2622//
f 2609// 2622// 2607//
f 2607// 2622// 2623//
f 2607// 2623// 2605//
f 2605// 2623// 2624//
f 2605// 2624// 2601//
f 2601// 2624// 2604//
f 2580// 2613// 2579//
f 2579// 2613// 2614//
f 2579// 2614// 2577//
f 2577// 2614// 2619//
f 2577// 2619// 2578//
f 2578// 2619// 2620//
f 2620// 2613// 2578//
f 2578// 2613// 2580//
f 2625// 2626// 2627//
f 2627// 2626// 2628//
f 2629// 2630// 2631//
f 2629// 2631// 2632//
f 2632// 2631// 2633//
f 2632// 2633// 2634//
f 2634// 2633// 2635//
f 2634// 2635// 2636//
f 2636// 2635// 2637//
f 2636// 2637// 2638//
f 2638// 2637// 15//
f 2638// 15// 12//
f 2639// 2629// 2640//
f 2640// 2629// 2632//
f 2640// 2632// 2641//
f 2641// 2632// 2634//
f 2641// 2634// 2642//
f 2642// 2634// 2636//
f 2642// 2636// 2643//
f 2643// 2636// 2638//
f 2643// 2638// 10//
f 10// 2638// 12//
f 10// 13// 2643//
f 2643// 13// 2644//
f 2643// 2644// 2642//
f 2642// 2644// 2645//
f 2642// 2645// 2641//
f 2641// 2645// 2646//
f 2641// 2646// 2640//
f 2640// 2646// 2647//
f 2640// 2647// 2639//
f 2639// 2647// 2648//
f 13// 15// 2644//
f 2644// 15// 2637//
f 2644// 2637// 2645//
f 2645// 2637// 2635//
f 2645// 2635// 2646//
f 2646// 2635// 2633//
f 2646// 2633// 2647//
f 2647// 2633// 2631//
f 2647// 2631// 2648//
f 2648// 2631// 2630//
f 2649// 2630// 2650//
f 2650// 2630// 2629//
f 2650// 2629// 2651//
f 2651// 2629// 2639//
f 2651// 2639// 2652//
f 2652// 2639// 2648//
f 2648// 2630// 2652//
f 2652// 2630// 2649//
f 2649// 2650// 2653//
f 2653// 2650// 2654//
f 2653// 2654// 2655//
f 2655// 2654// 2656//
f 2655// 2656// 2657//
f 2657// 2656// 2658//
f 2657// 2658// 2659//
f 2659// 2658// 2660//
f 2659// 2660// 2661//
f 2661// 2660// 2662//
f 2650// 2651// 2654//
f 2654// 2651// 2663//
f 2654// 2663// 2656//
f 2656// 2663// 2664//
f 2656// 2664// 2658//
f 2658// 2664// 2665//
f 2658// 2665// 2660//
f 2660// 2665// 2666//
f 2660// 2666// 2662//
f 2662// 2666// 2667//
f 2668// 2667// 2666//
f 2668// 2666// 2669//
f 2669// 2666// 2665//
f 2669// 2665// 2670//
f 2670// 2665// 2664//
f 2670// 2664// 2671//
f 2671// 2664// 2663//
f 2671// 2663// 2672//
f 2672// 2663// 2651//
f 2672// 2651// 2652//
f 2661// 2668// 2659//
f 2659// 2668// 2669//
f 2659// 2669// 2657//
f 2657// 2669// 2670//
f 2657// 2670// 2655//
f 2655// 2670// 2671//
f 2655// 2671// 2653//
f 2653// 2671// 2672//
f 2653// 2672// 2649//
f 2649// 2672// 2652//
f 2628// 2661// 2627//
f 2627// 2661// 2662//
f 2627// 2662// 2625//
f 2625// 2662// 2667//
f 2625// 2667// 2626//
f 2626// 2667// 2668//
f 2668// 2661// 2626//
f 2626// 2661// 2628//
f 2673// 2674// 2675//
f 2675// 2674// 2676//
f 2677// 2678// 2679//
f 2677// 2679// 2680//
f 2680// 2679// 2681//
f 2680// 2681// 2682//
f 2682// 2681// 2683//
f 2682// 2683// 2684//
f 2684// 2683// 2685//
f 2684// 2685// 2686//
f 2686// 2685// 11//
f 2686// 11// 8//
f 2687// 2677// 2688//
f 2688// 2677// 2680//
f 2688// 2680// 2689//
f 2689// 2680// 2682//
f 2689// 2682// 2690//
f 2690// 2682// 2684//
f 2690// 2684// 2691//
f 2691// 2684// 2686//
f 2691// 2686// 6//
f 6// 2686// 8//
f 6// 9// 2691//
f 2691// 9// 2692//
f 2691// 2692// 2690//
f 2690// 2692// 2693//
f 2690// 2693// 2689//
f 2689// 2693// 2694//
f 2689// 2694// 2688//
f 2688// 2694// 2695//
f 2688// 2695// 2687//
f 2687// 2695// 2696//
f 9// 11// 2692//
f 2692// 11// 2685//
f 2692// 2685// 2693//
f 2693// 2685// 2683//
f 2693// 2683// 2694//
f 2694// 2683// 2681//
f 2694// 2681// 2695//
f 2695// 2681// 2679//
f 2695// 2679// 2696//
f 2696// 2679// 2678//
f 2697// 2678// 2698//
f 2698// 2678// 2677//
f 2698// 2677// 2699//
f 2699// 2677// 2687//
f 2699// 2687// 2700//
f 2700// 2687// 2696//
f 2696// 2678// 2700//
f 2700// 2678// 2697//
f 2697// 2698// 2701//
f 2701// 2698// 2702//
f 2701// 2702// 2703//
f 2703// 2702// 2704//
f 2703// 2704// 2705//
f 2705// 2704// 2706//
f 2705// 2706// 2707//
f 2707// 2706// 2708//
f 2707// 2708// 2709//
f 2709// 2708// 2710//
f 2698// 2699// 2702//
f 2702// 2699// 2711//
f 2702// 2711// 2704//
f 2704// 2711// 2712//
f 2704// 2712// 2706//
f 2706// 2712// 2713//
f 2706// 2713// 2708//
f 2708// 2713// 2714//
f 2708// 2714// 2710//
f 2710// 2714// 2715//
f 2716// 2715// 2714//
f 2716// 2714// 2717//
f 2717// 2714// 2713//
f 2717// 2713// 2718//
f 2718// 2713// 2712//
f 2718// 2712// 2719//
f 2719// 2712// 2711//
f 2719// 2711// 2720//
f 2720// 2711// 2699//
f 2720// 2699// 2700//
f 2709// 2716// 2707//
f 2707// 2716// 2717//
f 2707// 2717// 2705//
f 2705// 2717// 2718//
f 2705// 2718// 2703//
f 2703// 2718// 2719//
f 2703// 2719// 2701//
f 2701// 2719// 2720//
f 2701// 2720// 2697//
f 2697// 2720// 2700//
f 2676// 2709// 2675//
f 2675// 2709// 2710//
f 2675// 2710// 2673//
f 2673// 2710// 2715//
f 2673// 2715// 2674//
f 2674// 2715// 2716//
f 2716// 2709// 2674//
f 2674// 2709// 2676//
f 2721// 2722// 2723//
f 2723// 2722// 2724//
f 2725// 2726// 2727//
f 2725// 2727// 2728//
f 2728// 2727// 2729//
f 2728// 2729// 2730//
f 2730// 2729// 2731//
f 2730// 2731// 2732//
f 2732// 2731// 2733//
f 2732// 2733// 2734//
f 2734// 2733// 7//
f 2734// 7// 1//
f 2735// 2725// 2736//
f 2736// 2725// 2728//
f 2736// 2728// 2737//
f 2737// 2728// 2730//
f 2737// 2730// 2738//
f 2738// 2730// 2732//
f 2738// 2732// 2739//
f 2739// 2732// 2734//
f 2739// 2734// 3//
f 3// 2734// 1//
f 3// 5// 2739//
f 2739// 5// 2740//
f 2739// 2740// 2738//
f 2738// 2740// 2741//
f 2738// 2741// 2737//
f 2737// 2741// 2742//
f 2737// 2742// 2736//
f 2736// 2742// 2743//
f 2736// 2743// 2735//
f 2735// 2743// 2744//
f 5// 7// 2740//
f 2740// 7// 2733//
f 2740// 2733// 2741//
f 2741// 2733// 2731//
f 2741// 2731// 2742//
f 2742// 2731// 2729//
f 2742// 2729// 2743//
f 2743// 2729// 2727//
f 2743// 2727// 2744//
f 2744// 2727// 2726//
f 2745// 2726// 2746//
f 2746// 2726// 2725//
f 2746// 2725// 2747//
f 2747// 2725// 2735//
f 2747// 2735// 2748//
f 2748// 2735// 2744//
f 2744// 2726// 2748//
f 2748// 2726// 2745//
f 2745// 2746// 2749//
f 2749// 2746// 2750//
f 2749// 2750// 2751//
f 2751// 2750// 2752//
f 2751// 2752// 2753//
f 2753// 2752// 2754//
f 2753// 2754// 2755//
f 2755// 2754// 2756//
f 2755// 2756// 2757//
f 2757// 2756// 2758//
f 2746// 2747// 2750//
f 2750// 2747// 2759//
f 2750// 2759// 2752//
f 2752// 2759// 2760//
f 2752// 2760// 2754//
f 2754// 2760// 2761//
f 2754// 2761// 2756//
f 2756// 2761// 2762//
f 2756// 2762// 2758//
f 2758// 2762// 2763//
f 2764// 2763// 2762//
f 2764// 2762// 2765//
f 2765// 2762// 2761//
f 2765// 2761// 2766//
f 2766// 2761// 2760//
f 2766// 2760// 2767//
f 2767// 2760// 2759//
f 2767// 2759// 2768//
f 2768// 2759// 2747//
f 2768// 2747// 2748//
f 2757// 2764// 2755//
f 2755// 2764// 2765//
f 2755// 2765// 2753//
f 2753// 2765// 2766//
f 2753// 2766// 2751//
f 2751// 2766// 2767//
f 2751// 2767// 2749//
f 2749// 2767// 2768//
f 2749// 2768// 2745//
f 2745// 2768// 2748//
f 2724// 2757// 2723//
f 2723// 2757// 2758//
f 2723// 2758// 2721//
f 2721// 2758// 2763//
f 2721// 2763// 2722//
f 2722// 2763// 2764//
f 2764// 2757// 2722//
f 2722// 2757// 2724//
